spacer,fluorescence
CAATTA,13680
TCGCCG,13407
CTCCGG,14470
CGGCTT,14766
TGGGCA,14799
CTTATA,14843
ATACAC,15086
AATCTT,15327
CCACAC,16064
CAACTT,16310
CTTGAG,16318
CTTGAG,16318
ATAACT,16376
CAGCCG,16660
CCTCGA,17137
CTGTCG,17224
TCCGCG,17252
CAAGCC,17433
CCTTCA,17519
GGCCTG,17537
ATACAA,17629
GCTCCC,17658
ATACCA,17810
TTGCTG,17959
CTCCCT,18090
CCCCAC,18216
CCGCCC,18314
CCACTT,18568
CGAAAA,18624
CCTCCC,18686
AAAAGC,18796
CGACAA,18920
CGACAA,18920
AGGCAG,19254
AACCGC,19323
TAAATG,19655
GAACTG,19677
TCGCCG,19699
TTCCAA,19708
CGTCAG,19709
AAAAGA,19727
CCCATA,19995
CCCCCT,20000
AAGAAA,20040
CCCCTT,20188
CCTGAC,20389
TCCAAT,20995
AGACAT,21358
GTTAAT,22194
GTTAAT,22194
CTCCCA,22257
TACCAGGC,22951
CACCAGTG,23111
TTAACCAT,23197
CACCGC,23673
TCTTCTTC,24219
TAATGGCG,24533
CCCCGCTC,25951
ACCTCGTC,25965
ATCACAGC,25977
CACTTA,26636
CAACCA,27381
ACCCAA,27850
ACCCAA,27850
GCACGC,28460
CGATCG,28737
CGATCG,28737
ACACCG,29236
ACAACA,29359
ATAAAC,29734
TCCCAT,29967
CACCCA,29995
AGCCCCAC,30916
TGCCAC,30988
CTATGACG,31047
CAGGAAGA,31388
ACCACA,31644
TTGCTG,31782
TCTGCC,32558
CAGCCC,32628
CCGCGT,33110
CCGGAGGG,33517
AAAAGT,33531
CCCCCA,33541
ATCGTT,33877
CCTATC,34380
CCAAAA,34458
CGCGCT,35149
CCTGCA,35389
TGTGAAGA,35394
AGTATG,36427
AGTATG,36427
AGTCTTTT,36937
CAAACC,37165
CATAACAG,39462
CGATTGTG,47754
ACAAAG,69987
CACCAGTG,23111
CCTATTG,7979
GGAGGGC,8794
CATAAACC,10694
AAGAAGCG,11074
GGTGGCAC,12816
CACACCCA,13674
AGTGCACA,13676
ACCCCGGG,13857
CGATCTAC,14621
CAGCTGCC,15557
CAAGTTAG,15747
GACCTAGG,15818
CCCATTAC,16057
CAAACAGA,16808
ATTCACG,17388
CAATCCC,17526
AACTGCCA,18982
ATACACCC,19640
ACGCCCAG,20402
GCCGGC,20844
CCTCCGG,20967
CCTAGCGT,21887
CACGCCTT,22265
TACCAGGC,22951
CACCAGTG,23118
ACAAACCG,23197
TTAACCAT,23813
GCTACGG,24085
AGAGCGC,24219
TCTTCTTC,24473
TTACTTGC,24533
TAATGGCG,24536
CCGCTGGT,24981
AGACTTAC,25232
CGGCCCAA,25522
CCACTGG,25675
AAAACAC,25951
CCCCGCTC,25965
ACCTCGTC,25977
ATCACAGC,26059
CTCCCTGA,26444
TAATCAC,26558
GCCCCGG,26932
ACTTCCC,26995
CCTTCCT,27912
CTTGTGC,28498
GCCCAGG,28568
TAGGCGC,29766
AGGCAGCA,29967
CTAGCAAC,29974
CCCATCTC,30628
TCCCGAG,30821
TCTCTGC,30859
ATCTGGA,30894
CCTCGCC,30916
AGCCCCAC,31047
CTATGACG,31388
CAGGAAGA,31481
TAAGCAGA,32469
ACTAAAC,32666
CAACGGAC,32846
CCATGCA,33157
CCTCAGG,33517
CCGGAGGG,33749
CAAGCCCC,34609
TGTCCCCC,35296
CTTCTCC,35394
TGTGAAGA,36398
CATCAGCG,36937
AGTCTTTT,37192
AATTACC,37911
CATATCCG,39462
CATAACAG,39496
ACCTGCG,40391
ATCAAGA,40448
CGACGTG,40986
CGGACGC,41508
CGCGTCT,41860
TGTGTACT,43675
TGCGAGG,44124
AAAAGAA,44449
GTGACGT,44699
CCTTTCG,45413
ATCTCGC,46206
CGTAGGA,46533
CTCAATA,47754
CGATTGTG,48162
CTTGTCG,50095
GTTCTCG,51007
TGCTGAG,51323
CGTGATG,52659
AGCCTCG,55322
GCAGGAG,60365
GCGAGAG,63404
TCGAAGG,77066
GCGCAT,1092630
CCTTTA,1334667
ACAAAG,981696
GCGCAT,1433813
AGTCCA,1517501
CGACAA,1658062
ACGAAA,1702727
TTCAGC,1770274
TCGACG,1963827
CGTCTA,2081456
ATTCCT,2254028
ATTTCT,2476468
TTTCCA,2488998
CCACAGA,2706734
TTTTCG,2785988
TATTCT,2801158
CCACAAG,3193784
