spacer,fluorescence,Spacing,Spacing_Penalty,Total_MW,Purine_Ratio,Total_Stacking,GC_Front,GC_Back,DG_total,DG_RBS,RBS_acc,ATG_acc,GC_spacer
CAATTA,13680,6.0,1.0,740.6700000000001,0.5,-42.0,0.3333333333333333,0.0,-5.800000190734863,-4.2,0.0,0.0,0.16666666666666666
TCGCCG,13407,6.0,1.0,747.65,0.3333333333333333,-43.0,0.6666666666666666,1.0,-8.300000190734863,-4.2,0.0,0.0,0.8333333333333334
CTCCGG,14470,6.0,1.0,747.65,0.3333333333333333,-43.0,0.6666666666666666,1.0,-8.199999809265137,-4.2,0.0,0.0,0.8333333333333334
CGGCTT,14766,6.0,1.0,748.6400000000001,0.3333333333333333,-42.400000000000006,1.0,0.3333333333333333,-7.199999809265137,-4.2,0.0,0.0,0.6666666666666666
TGGGCA,14799,6.0,1.0,811.71,0.6666666666666666,-45.199999999999996,0.6666666666666666,0.6666666666666666,-5.300000190734863,-4.2,0.0,0.0,0.6666666666666666
CTTATA,14843,6.0,1.0,717.63,0.3333333333333333,-40.6,0.3333333333333333,0.0,-4.900000095367432,-4.2,0.0,0.0,0.16666666666666666
ATACAC,15086,6.0,1.0,739.6800000000001,0.5,-42.599999999999994,0.0,0.6666666666666666,-5.099999904632568,-4.2,0.0,0.0,0.3333333333333333
AATCTT,15327,6.0,1.0,717.6300000000001,0.3333333333333333,-40.6,0.0,0.3333333333333333,-6.5,-4.2,0.0,0.0,0.16666666666666666
CCACAC,16064,6.0,1.0,714.66,0.3333333333333333,-42.4,0.6666666666666666,0.6666666666666666,-7.099999904632568,-4.2,0.0,0.0,0.6666666666666666
CAACTT,16310,6.0,1.0,716.6400000000001,0.3333333333333333,-41.2,0.3333333333333333,0.3333333333333333,-7.5,-4.2,0.0,0.0,0.3333333333333333
CTTGAG,16318,6.0,1.0,772.67,0.5,-43.2,0.3333333333333333,0.6666666666666666,-5.400000095367432,-4.2,0.0,0.0,0.5
CTTGAG,16318,6.0,1.0,772.67,0.5,-43.2,0.3333333333333333,0.6666666666666666,-5.400000095367432,-4.2,0.0,0.0,0.5
ATAACT,16376,6.0,1.0,740.6700000000001,0.5,-42.0,0.0,0.3333333333333333,-5.699999809265137,-4.2,0.0,0.0,0.16666666666666666
CAGCCG,16660,6.0,1.0,770.69,0.5,-44.39999999999999,0.6666666666666666,1.0,-7.400000095367432,-4.2,0.0,0.0,0.8333333333333334
CCTCGA,17137,6.0,1.0,731.65,0.3333333333333333,-42.4,0.6666666666666666,0.6666666666666666,-7.199999809265137,-4.2,0.0,0.0,0.6666666666666666
CTGTCG,17224,6.0,1.0,748.64,0.3333333333333333,-42.39999999999999,0.6666666666666666,0.6666666666666666,-6.0,-4.2,0.0,0.0,0.6666666666666666
TCCGCG,17252,6.0,1.0,747.65,0.3333333333333333,-43.0,0.6666666666666666,1.0,-7.400000095367432,-4.2,0.0,0.0,0.8333333333333334
CAAGCC,17433,6.0,1.0,754.69,0.5,-43.8,0.3333333333333333,1.0,-6.300000190734863,-4.2,0.0,0.0,0.6666666666666666
CCTTCA,17519,6.0,1.0,692.61,0.16666666666666666,-40.4,0.6666666666666666,0.3333333333333333,-7.199999809265137,-4.2,0.0,0.0,0.5
GGCCTG,17537,6.0,1.0,787.6800000000001,0.5,-44.400000000000006,1.0,0.6666666666666666,-9.699999809265137,-4.2,0.0,0.0,0.8333333333333334
ATACAA,17629,6.0,1.0,763.71,0.6666666666666666,-43.4,0.0,0.3333333333333333,-5.099999904632568,-4.2,0.0,0.0,0.16666666666666666
GCTCCC,17658,6.0,1.0,707.6200000000001,0.16666666666666666,-41.599999999999994,0.6666666666666666,1.0,-7.300000190734863,-4.2,0.0,0.0,0.8333333333333334
ATACCA,17810,6.0,1.0,739.6800000000001,0.5,-42.6,0.0,0.6666666666666666,-6.199999809265137,-4.2,0.0,0.0,0.3333333333333333
TTGCTG,17959,6.0,1.0,749.63,0.3333333333333333,-41.8,0.3333333333333333,0.6666666666666666,-7.5,-4.2,0.0,0.0,0.5
CTCCCT,18090,6.0,1.0,668.58,0.0,-39.6,0.6666666666666666,0.6666666666666666,-8.300000190734863,-4.2,0.0,0.0,0.6666666666666666
CCCCAC,18216,6.0,1.0,690.63,0.16666666666666666,-41.599999999999994,1.0,0.6666666666666666,-7.199999809265137,-4.2,0.0,0.0,0.8333333333333334
CCGCCC,18314,6.0,1.0,706.63,0.16666666666666666,-42.199999999999996,1.0,1.0,-6.599999904632568,-4.2,0.0,0.0,1.0
CCACTT,18568,6.0,1.0,692.61,0.16666666666666666,-40.400000000000006,0.6666666666666666,0.3333333333333333,-7.5,-4.2,0.0,0.0,0.5
CGAAAA,18624,6.0,1.0,802.75,0.8333333333333334,-45.400000000000006,0.6666666666666666,0.0,-5.0,-4.2,0.0,0.0,0.3333333333333333
CCTCCC,18686,6.0,1.0,667.59,0.0,-40.199999999999996,0.6666666666666666,1.0,-7.300000190734863,-4.2,0.0,0.0,0.8333333333333334
AAAAGC,18796,6.0,1.0,802.75,0.8333333333333334,-45.39999999999999,0.0,0.6666666666666666,-4.900000095367432,-4.2,0.0,0.0,0.3333333333333333
CGACAA,18920,6.0,1.0,778.72,0.6666666666666666,-44.6,0.6666666666666666,0.3333333333333333,-5.099999904632568,-4.2,0.0,0.0,0.5
CGACAA,18920,6.0,1.0,778.72,0.6666666666666666,-44.6,0.6666666666666666,0.3333333333333333,-5.099999904632568,-4.2,0.0,0.0,0.5
AGGCAG,19254,6.0,1.0,834.75,0.8333333333333334,-46.599999999999994,0.6666666666666666,0.6666666666666666,-5.400000095367432,-4.2,0.0,0.0,0.6666666666666666
AACCGC,19323,6.0,1.0,754.69,0.5,-43.8,0.3333333333333333,1.0,-7.800000190734863,-4.2,0.0,0.0,0.6666666666666666
TAAATG,19655,6.0,1.0,780.7,0.6666666666666666,-43.400000000000006,0.0,0.3333333333333333,-4.900000095367432,-4.2,1.0,1.0,0.16666666666666666
GAACTG,19677,6.0,1.0,795.71,0.6666666666666666,-44.599999999999994,0.3333333333333333,0.6666666666666666,-7.800000190734863,-4.2,0.0,0.0,0.5
TCGCCG,19699,6.0,1.0,747.65,0.3333333333333333,-43.0,0.6666666666666666,1.0,-8.300000190734863,-4.2,0.0,0.0,0.8333333333333334
TTCCAA,19708,6.0,1.0,716.64,0.3333333333333333,-41.2,0.3333333333333333,0.3333333333333333,-7.199999809265137,-4.2,0.0,0.0,0.3333333333333333
CGTCAG,19709,6.0,1.0,771.6800000000001,0.5,-43.8,0.6666666666666666,0.6666666666666666,-4.900000095367432,-4.2,0.0,0.0,0.6666666666666666
AAAAGA,19727,6.0,1.0,826.78,1.0,-46.199999999999996,0.0,0.3333333333333333,-4.900000095367432,-4.2,0.0,0.0,0.16666666666666666
CCCATA,19995,6.0,1.0,715.65,0.3333333333333333,-41.800000000000004,1.0,0.0,-6.400000095367432,-4.2,0.0,0.0,0.5
CCCCCT,20000,6.0,1.0,667.59,0.0,-40.2,1.0,0.6666666666666666,-8.300000190734863,-4.2,0.0,0.0,0.8333333333333334
AAGAAA,20040,6.0,1.0,826.78,1.0,-46.2,0.3333333333333333,0.0,-4.900000095367432,-4.2,0.0,0.0,0.16666666666666666
CCCCTT,20188,6.0,1.0,668.58,0.0,-39.6,1.0,0.3333333333333333,-9.600000381469727,-4.2,0.0,0.0,0.6666666666666666
CCTGAC,20389,6.0,1.0,731.65,0.3333333333333333,-42.4,0.6666666666666666,0.6666666666666666,-7.199999809265137,-4.2,0.0,0.0,0.6666666666666666
TCCAAT,20995,6.0,1.0,716.64,0.3333333333333333,-41.2,0.6666666666666666,0.0,-6.699999809265137,-4.2,0.0,0.0,0.3333333333333333
AGACAT,21358,6.0,1.0,779.71,0.6666666666666666,-44.0,0.3333333333333333,0.3333333333333333,-5.099999904632568,-4.2,0.0,0.0,0.3333333333333333
GTTAAT,22194,6.0,1.0,757.6600000000001,0.5,-42.0,0.3333333333333333,0.0,-6.400000095367432,-4.2,0.0,0.0,0.16666666666666666
GTTAAT,22194,6.0,1.0,757.6600000000001,0.5,-42.0,0.3333333333333333,0.0,-6.400000095367432,-4.2,0.0,0.0,0.16666666666666666
CTCCCA,22257,6.0,1.0,691.62,0.16666666666666666,-41.0,0.6666666666666666,0.6666666666666666,-7.199999809265137,-4.2,0.0,0.0,0.6666666666666666
TACCAGGC,22951,8.0,1.0,1017.91,0.5,-58.2,0.5,0.75,-6.599999904632568,-4.2,0.0,0.0,0.625
CACCAGTG,23111,8.0,1.0,1017.91,0.5,-58.2,0.75,0.5,-7.599999904632568,-4.2,0.0,0.0,0.625
TTAACCAT,23197,8.0,1.0,963.86,0.375,-55.0,0.0,0.5,-10.699999809265137,-4.2,0.0,0.0,0.25
CACCGC,23673,6.0,1.0,730.66,0.3333333333333333,-43.0,0.6666666666666666,1.0,-7.800000190734863,-4.2,0.0,0.0,0.8333333333333334
TCTTCTTC,24219,8.0,1.0,893.7500000000001,0.0,-51.4,0.25,0.5,-9.0,-4.2,0.0,0.0,0.375
TAATGGCG,24533,8.0,1.0,1058.93,0.625,-59.0,0.0,1.0,-4.800000190734863,-4.2,1.0,1.0,0.5
CCCCGCTC,25951,8.0,1.0,929.82,0.125,-55.199999999999996,1.0,0.75,-9.600000381469727,-4.2,0.0,0.0,0.875
ACCTCGTC,25965,8.0,1.0,954.84,0.25,-55.39999999999999,0.5,0.75,-7.5,-4.2,0.0,0.0,0.625
ATCACAGC,25977,8.0,1.0,1001.91,0.5,-57.599999999999994,0.25,0.75,-5.300000190734863,-4.2,0.0,0.0,0.5
CACTTA,26636,6.0,1.0,716.64,0.3333333333333333,-41.2,0.6666666666666666,0.0,-8.100000381469727,-4.2,0.0,0.0,0.3333333333333333
CAACCA,27381,6.0,1.0,738.69,0.5,-43.2,0.3333333333333333,0.6666666666666666,-6.699999809265137,-4.2,0.0,0.0,0.5
ACCCAA,27850,6.0,1.0,738.6899999999999,0.5,-43.2,0.6666666666666666,0.3333333333333333,-7.199999809265137,-4.2,0.0,0.0,0.5
ACCCAA,27850,6.0,1.0,738.6899999999999,0.5,-43.2,0.6666666666666666,0.3333333333333333,-7.199999809265137,-4.2,0.0,0.0,0.5
GCACGC,28460,6.0,1.0,770.69,0.5,-44.4,0.6666666666666666,1.0,-6.099999904632568,-4.2,0.0,0.0,0.8333333333333334
CGATCG,28737,6.0,1.0,771.6800000000001,0.5,-43.8,0.6666666666666666,0.6666666666666666,-5.800000190734863,-4.2,0.0,0.0,0.6666666666666666
CGATCG,28737,6.0,1.0,771.6800000000001,0.5,-43.8,0.6666666666666666,0.6666666666666666,-5.800000190734863,-4.2,0.0,0.0,0.6666666666666666
ACACCG,29236,6.0,1.0,754.69,0.5,-43.8,0.3333333333333333,1.0,-7.199999809265137,-4.2,0.0,0.0,0.6666666666666666
ACAACA,29359,6.0,1.0,762.72,0.6666666666666666,-44.0,0.3333333333333333,0.3333333333333333,-4.900000095367432,-4.2,0.0,0.0,0.3333333333333333
ATAAAC,29734,6.0,1.0,763.71,0.6666666666666666,-43.4,0.0,0.3333333333333333,-5.599999904632568,-4.2,0.0,0.0,0.16666666666666666
TCCCAT,29967,6.0,1.0,692.61,0.16666666666666666,-40.400000000000006,0.6666666666666666,0.3333333333333333,-7.199999809265137,-4.2,0.0,0.0,0.5
CACCCA,29995,6.0,1.0,714.66,0.3333333333333333,-42.4,0.6666666666666666,0.6666666666666666,-6.800000190734863,-4.2,0.0,0.0,0.6666666666666666
AGCCCCAC,30916,8.0,1.0,976.8900000000001,0.375,-57.39999999999999,0.75,0.75,-7.599999904632568,-4.2,0.0,0.0,0.75
TGCCAC,30988,6.0,1.0,731.6500000000001,0.3333333333333333,-42.4,0.6666666666666666,0.6666666666666666,-7.0,-4.2,0.0,0.0,0.6666666666666666
CTATGACG,31047,8.0,1.0,1018.9,0.5,-57.599999999999994,0.25,0.75,-7.300000190734863,-4.2,0.6666666666666666,0.3333333333333333,0.5
CAGGAAGA,31388,8.0,1.0,1105.01,0.875,-61.800000000000004,0.75,0.25,-5.0,-4.2,0.0,0.0,0.5
ACCACA,31644,6.0,1.0,738.6899999999999,0.5,-43.199999999999996,0.6666666666666666,0.3333333333333333,-7.599999904632568,-4.2,0.0,0.0,0.5
TTGCTG,31782,6.0,1.0,749.63,0.3333333333333333,-41.8,0.3333333333333333,0.6666666666666666,-7.5,-4.2,0.0,0.0,0.5
TCTGCC,32558,6.0,1.0,708.61,0.16666666666666666,-40.99999999999999,0.3333333333333333,1.0,-6.300000190734863,-4.2,0.0,0.0,0.6666666666666666
CAGCCC,32628,6.0,1.0,730.6600000000001,0.3333333333333333,-42.99999999999999,0.6666666666666666,1.0,-6.699999809265137,-4.2,0.0,0.0,0.8333333333333334
CCGCGT,33110,6.0,1.0,747.65,0.3333333333333333,-43.0,1.0,0.6666666666666666,-6.599999904632568,-4.2,0.0,0.0,0.8333333333333334
CCGGAGGG,33517,8.0,1.0,1112.98,0.75,-62.2,1.0,0.75,-7.5,-4.2,0.0,0.0,0.875
AAAAGT,33531,6.0,1.0,803.74,0.8333333333333334,-44.8,0.0,0.3333333333333333,-4.900000095367432,-4.2,0.0,0.0,0.16666666666666666
CCCCCA,33541,6.0,1.0,690.63,0.16666666666666666,-41.6,1.0,0.6666666666666666,-7.199999809265137,-4.2,0.0,0.0,0.8333333333333334
ATCGTT,33877,6.0,1.0,733.63,0.3333333333333333,-41.2,0.3333333333333333,0.3333333333333333,-6.300000190734863,-4.2,0.0,0.0,0.3333333333333333
CCTATC,34380,6.0,1.0,692.61,0.16666666666666666,-40.4,0.6666666666666666,0.3333333333333333,-7.199999809265137,-4.2,0.0,0.0,0.5
CCAAAA,34458,6.0,1.0,762.7199999999999,0.6666666666666666,-44.0,0.6666666666666666,0.0,-7.300000190734863,-4.2,0.0,0.0,0.3333333333333333
CGCGCT,35149,6.0,1.0,747.6500000000001,0.3333333333333333,-43.0,1.0,0.6666666666666666,-6.400000095367432,-4.2,0.0,0.0,0.8333333333333334
CCTGCA,35389,6.0,1.0,731.65,0.3333333333333333,-42.4,0.6666666666666666,0.6666666666666666,-7.199999809265137,-4.2,0.0,0.0,0.6666666666666666
TGTGAAGA,35394,8.0,1.0,1082.96,0.75,-59.800000000000004,0.5,0.25,-4.800000190734863,-4.2,0.0,0.0,0.375
AGTATG,36427,6.0,1.0,796.7,0.6666666666666666,-44.0,0.3333333333333333,0.3333333333333333,-4.900000095367432,-4.2,1.0,1.0,0.3333333333333333
AGTATG,36427,6.0,1.0,796.7,0.6666666666666666,-44.0,0.3333333333333333,0.3333333333333333,-4.900000095367432,-4.2,1.0,1.0,0.3333333333333333
AGTCTTTT,36937,8.0,1.0,957.8100000000002,0.25,-53.60000000000001,0.5,0.0,-11.800000190734863,-4.2,0.0,0.0,0.25
CAAACC,37165,6.0,1.0,738.69,0.5,-43.199999999999996,0.3333333333333333,0.6666666666666666,-6.099999904632568,-4.2,0.0,0.0,0.5
CATAACAG,39462,8.0,1.0,1025.94,0.625,-58.39999999999999,0.25,0.5,-5.800000190734863,-4.2,0.0,0.0,0.375
CGATTGTG,47754,8.0,1.0,1035.89,0.5,-57.60000000000001,0.5,0.5,-6.199999809265137,-4.2,0.0,0.0,0.5
ACAAAG,69987,6.0,1.0,802.75,0.8333333333333334,-45.400000000000006,0.3333333333333333,0.3333333333333333,-5.099999904632568,-4.2,0.0,0.0,0.3333333333333333
CACCAGTG,23111,8.0,1.0,1017.91,0.5,-58.2,0.75,0.5,-7.599999904632568,-4.2,0.0,0.0,0.625
CCTATTG,7979,7.0,0.0,844.73,0.2857142857142857,-48.0,0.6666666666666666,0.25,-6.599999904632568,-4.2,0.0,0.0,0.42857142857142855
GGAGGGC,8794,7.0,0.0,1001.88,0.8571428571428571,-55.400000000000006,0.6666666666666666,1.0,-6.199999809265137,-4.2,0.0,0.0,0.8571428571428571
CATAAACC,10694,8.0,1.0,985.91,0.5,-56.99999999999999,0.25,0.5,-6.0,-4.2,0.0,0.0,0.375
AAGAAGCG,11074,8.0,1.0,1105.01,0.875,-61.8,0.25,0.75,-4.800000190734863,-4.2,0.0,0.0,0.5
GGTGGCAC,12816,8.0,1.0,1073.94,0.625,-60.199999999999996,0.75,0.75,-5.300000190734863,-4.2,0.0,0.0,0.75
CACACCCA,13674,8.0,1.0,960.89,0.375,-56.79999999999999,0.5,0.75,-7.0,-4.2,0.0,0.0,0.625
AGTGCACA,13676,8.0,1.0,1041.94,0.625,-59.0,0.5,0.5,-4.800000190734863,-4.2,0.0,0.0,0.5
ACCCCGGG,13857,8.0,1.0,1032.92,0.5,-59.400000000000006,0.75,1.0,-8.600000381469727,-4.2,0.0,0.0,0.875
CGATCTAC,14621,8.0,1.0,978.8700000000001,0.375,-56.2,0.5,0.5,-7.400000095367432,-4.2,0.0,0.0,0.5
CAGCTGCC,15557,8.0,1.0,993.8800000000001,0.375,-57.39999999999999,0.75,0.75,-7.199999809265137,-4.2,0.0,0.0,0.75
CAAGTTAG,15747,8.0,1.0,1042.93,0.625,-58.400000000000006,0.5,0.25,-5.900000095367432,-4.2,0.0,0.0,0.375
GACCTAGG,15818,8.0,1.0,1057.94,0.625,-59.60000000000001,0.75,0.5,-8.199999809265137,-4.2,0.0,0.0,0.625
CCCATTAC,16057,8.0,1.0,938.84,0.25,-54.800000000000004,0.75,0.25,-6.300000190734863,-4.2,0.0,0.0,0.5
CAAACAGA,16808,8.0,1.0,1048.98,0.75,-59.800000000000004,0.25,0.5,-5.400000095367432,-4.2,0.0,0.0,0.375
ATTCACG,17388,7.0,0.0,867.77,0.42857142857142855,-49.39999999999999,0.0,0.75,-5.5,-4.2,0.0,0.0,0.42857142857142855
CAATCCC,17526,7.0,0.0,826.7500000000001,0.2857142857142857,-48.599999999999994,0.3333333333333333,0.75,-8.800000190734863,-4.2,0.0,0.0,0.5714285714285714
AACTGCCA,18982,8.0,1.0,1001.9100000000001,0.5,-57.599999999999994,0.25,0.75,-6.5,-4.2,0.0,0.0,0.5
ATACACCC,19640,8.0,1.0,961.8800000000001,0.375,-56.19999999999999,0.25,0.75,-6.400000095367432,-4.2,0.0,0.0,0.5
ACGCCCAG,20402,8.0,1.0,1016.9200000000001,0.5,-58.8,0.75,0.75,-7.400000095367432,-4.2,0.0,0.0,0.75
GCCGGC,20844,6.0,1.0,786.69,0.5,-45.0,1.0,1.0,-7.400000095367432,-4.2,0.0,0.0,1.0
CCTCCGG,20967,7.0,0.0,858.75,0.2857142857142857,-49.8,0.6666666666666666,1.0,-8.800000190734863,-4.2,0.0,0.0,0.8571428571428571
CCTAGCGT,21887,8.0,1.0,994.87,0.375,-56.8,0.5,0.75,-7.099999904632568,-4.2,0.0,0.0,0.625
CACGCCTT,22265,8.0,1.0,954.84,0.25,-55.4,0.75,0.5,-9.600000381469727,-4.2,0.0,0.0,0.625
TACCAGGC,22951,8.0,1.0,1017.91,0.5,-58.2,0.5,0.75,-6.599999904632568,-4.2,0.0,0.0,0.625
CACCAGTG,23118,8.0,1.0,1017.91,0.5,-58.2,0.75,0.5,-7.599999904632568,-4.2,0.0,0.0,0.625
ACAAACCG,23197,8.0,1.0,1024.95,0.625,-59.0,0.25,0.75,-6.900000095367432,-4.2,0.0,0.0,0.5
TTAACCAT,23813,8.0,1.0,963.86,0.375,-55.0,0.0,0.5,-10.699999809265137,-4.2,0.0,0.0,0.25
GCTACGG,24085,7.0,0.0,922.8100000000001,0.5714285714285714,-52.0,0.6666666666666666,0.75,-6.0,-4.2,0.0,0.0,0.7142857142857143
AGAGCGC,24219,7.0,0.0,945.85,0.7142857142857143,-53.39999999999999,0.3333333333333333,1.0,-5.199999809265137,-4.2,0.0,0.0,0.7142857142857143
TCTTCTTC,24473,8.0,1.0,893.7500000000001,0.0,-51.4,0.25,0.5,-9.0,-4.2,0.0,0.0,0.375
TTACTTGC,24533,8.0,1.0,956.82,0.25,-54.2,0.25,0.5,-8.699999809265137,-4.2,0.0,0.0,0.375
TAATGGCG,24536,8.0,1.0,1058.93,0.625,-59.0,0.0,1.0,-4.800000190734863,-4.2,1.0,1.0,0.5
CCGCTGGT,24981,8.0,1.0,1010.87,0.375,-57.400000000000006,1.0,0.5,-7.599999904632568,-4.2,0.0,0.0,0.75
AGACTTAC,25232,8.0,1.0,1002.9000000000001,0.5,-57.0,0.5,0.25,-7.699999809265137,-4.2,0.0,0.0,0.375
CGGCCCAA,25522,8.0,1.0,1016.9200000000001,0.5,-58.8,1.0,0.5,-7.400000095367432,-4.2,0.0,0.0,0.75
CCACTGG,25675,7.0,0.0,882.78,0.42857142857142855,-50.60000000000001,0.6666666666666666,0.75,-8.199999809265137,-4.2,0.0,0.0,0.7142857142857143
AAAACAC,25951,7.0,0.0,897.85,0.7142857142857143,-51.599999999999994,0.0,0.5,-4.900000095367432,-4.2,0.0,0.0,0.2857142857142857
CCCCGCTC,25965,8.0,1.0,929.82,0.125,-55.199999999999996,1.0,0.75,-9.600000381469727,-4.2,0.0,0.0,0.875
ACCTCGTC,25977,8.0,1.0,954.84,0.25,-55.39999999999999,0.5,0.75,-7.5,-4.2,0.0,0.0,0.625
ATCACAGC,26059,8.0,1.0,1001.91,0.5,-57.599999999999994,0.25,0.75,-5.300000190734863,-4.2,0.0,0.0,0.5
CTCCCTGA,26444,8.0,1.0,954.84,0.25,-55.4,0.75,0.5,-10.199999809265137,-4.2,0.0,0.0,0.625
TAATCAC,26558,7.0,0.0,851.7700000000001,0.42857142857142855,-48.8,0.0,0.5,-6.099999904632568,-4.2,0.0,0.0,0.2857142857142857
GCCCCGG,26932,7.0,0.0,897.7900000000001,0.42857142857142855,-51.8,1.0,1.0,-8.100000381469727,-4.2,0.0,0.0,1.0
ACTTCCC,26995,7.0,0.0,803.71,0.14285714285714285,-47.19999999999999,0.3333333333333333,0.75,-8.100000381469727,-4.2,0.0,0.0,0.5714285714285714
CCTTCCT,27912,7.0,0.0,780.6700000000001,0.0,-45.8,0.6666666666666666,0.5,-9.800000190734863,-4.2,0.0,0.0,0.5714285714285714
CTTGTGC,28498,7.0,0.0,860.73,0.2857142857142857,-48.599999999999994,0.3333333333333333,0.75,-5.400000095367432,-4.2,0.0,0.0,0.5714285714285714
GCCCAGG,28568,7.0,0.0,921.82,0.5714285714285714,-52.60000000000001,1.0,0.75,-7.699999809265137,-4.2,0.0,0.0,0.8571428571428571
TAGGCGC,29766,7.0,0.0,922.8100000000001,0.5714285714285714,-52.0,0.3333333333333333,1.0,-5.199999809265137,-4.2,0.0,0.0,0.7142857142857143
AGGCAGCA,29967,8.0,1.0,1080.98,0.75,-60.99999999999999,0.75,0.5,-4.800000190734863,-4.2,0.0,0.0,0.625
CTAGCAAC,29974,8.0,1.0,1001.91,0.5,-57.6,0.5,0.5,-9.899999618530273,-4.2,0.0,0.0,0.5
CCCATCTC,30628,8.0,1.0,914.8100000000001,0.125,-54.0,0.75,0.5,-6.800000190734863,-4.2,0.0,0.0,0.625
TCCCGAG,30821,7.0,0.0,882.78,0.42857142857142855,-50.599999999999994,0.6666666666666666,0.75,-8.699999809265137,-4.2,0.0,0.0,0.7142857142857143
TCTCTGC,30859,7.0,0.0,820.7,0.14285714285714285,-47.2,0.3333333333333333,0.75,-7.5,-4.2,0.0,0.0,0.5714285714285714
ATCTGGA,30894,7.0,0.0,907.8,0.5714285714285714,-50.800000000000004,0.3333333333333333,0.5,-6.800000190734863,-4.2,0.0,0.0,0.42857142857142855
CCTCGCC,30916,7.0,0.0,818.72,0.14285714285714285,-48.39999999999999,0.6666666666666666,1.0,-6.599999904632568,-4.2,0.0,0.0,0.8571428571428571
AGCCCCAC,31047,8.0,1.0,976.8900000000001,0.375,-57.39999999999999,0.75,0.75,-7.599999904632568,-4.2,0.0,0.0,0.75
CTATGACG,31388,8.0,1.0,1018.9,0.5,-57.599999999999994,0.25,0.75,-7.300000190734863,-4.2,0.6666666666666666,0.3333333333333333,0.5
CAGGAAGA,31481,8.0,1.0,1105.01,0.875,-61.800000000000004,0.75,0.25,-5.0,-4.2,0.0,0.0,0.5
TAAGCAGA,32469,8.0,1.0,1065.97,0.75,-59.800000000000004,0.25,0.5,-7.800000190734863,-4.2,0.0,0.0,0.375
ACTAAAC,32666,7.0,0.0,874.81,0.5714285714285714,-50.199999999999996,0.3333333333333333,0.25,-5.900000095367432,-4.2,0.0,0.0,0.2857142857142857
CAACGGAC,32846,8.0,1.0,1040.95,0.625,-59.6,0.5,0.75,-5.900000095367432,-4.2,0.0,0.0,0.625
CCATGCA,33157,7.0,0.0,866.78,0.42857142857142855,-49.99999999999999,0.6666666666666666,0.5,-7.800000190734863,-4.2,0.6666666666666666,0.3333333333333333,0.5714285714285714
CCTCAGG,33517,7.0,0.0,882.78,0.42857142857142855,-50.60000000000001,0.6666666666666666,0.75,-6.599999904632568,-4.2,0.0,0.0,0.7142857142857143
CCGGAGGG,33749,8.0,1.0,1112.98,0.75,-62.2,1.0,0.75,-7.5,-4.2,0.0,0.0,0.875
CAAGCCCC,34609,8.0,1.0,976.8900000000001,0.375,-57.39999999999999,0.5,1.0,-7.800000190734863,-4.2,0.0,0.0,0.75
TGTCCCCC,35296,8.0,1.0,930.8100000000002,0.125,-54.59999999999999,0.5,1.0,-8.300000190734863,-4.2,0.0,0.0,0.75
CTTCTCC,35394,7.0,0.0,780.6700000000001,0.0,-45.8,0.3333333333333333,0.75,-9.5,-4.2,0.0,0.0,0.5714285714285714
TGTGAAGA,36398,8.0,1.0,1082.96,0.75,-59.800000000000004,0.5,0.25,-4.800000190734863,-4.2,0.0,0.0,0.375
CATCAGCG,36937,8.0,1.0,1017.91,0.5,-58.2,0.5,0.75,-7.699999809265137,-4.2,0.0,0.0,0.625
AGTCTTTT,37192,8.0,1.0,957.8100000000002,0.25,-53.60000000000001,0.5,0.0,-11.800000190734863,-4.2,0.0,0.0,0.25
AATTACC,37911,7.0,0.0,851.7700000000001,0.42857142857142855,-48.79999999999999,0.0,0.5,-5.5,-4.2,0.0,0.0,0.2857142857142857
CATATCCG,39462,8.0,1.0,978.87,0.375,-56.19999999999999,0.25,0.75,-9.699999809265137,-4.2,0.0,0.0,0.5
CATAACAG,39496,8.0,1.0,1025.94,0.625,-58.39999999999999,0.25,0.5,-5.800000190734863,-4.2,0.0,0.0,0.375
ACCTGCG,40391,7.0,0.0,882.78,0.42857142857142855,-50.599999999999994,0.6666666666666666,0.75,-8.300000190734863,-4.2,0.0,0.0,0.7142857142857143
ATCAAGA,40448,7.0,0.0,914.8399999999999,0.7142857142857143,-51.6,0.3333333333333333,0.25,-5.599999904632568,-4.2,0.0,0.0,0.2857142857142857
CGACGTG,40986,7.0,0.0,922.8100000000001,0.5714285714285714,-52.0,0.6666666666666666,0.75,-6.599999904632568,-4.2,0.0,0.0,0.7142857142857143
CGGACGC,41508,7.0,0.0,921.82,0.5714285714285714,-52.599999999999994,1.0,0.75,-6.400000095367432,-4.2,0.0,0.0,0.8571428571428571
CGCGTCT,41860,7.0,0.0,859.7400000000001,0.2857142857142857,-49.2,1.0,0.5,-6.300000190734863,-4.2,0.0,0.0,0.7142857142857143
TGTGTACT,43675,8.0,1.0,996.8500000000001,0.375,-55.6,0.5,0.25,-5.300000190734863,-4.2,0.0,0.0,0.375
TGCGAGG,44124,7.0,0.0,962.84,0.7142857142857143,-53.400000000000006,0.6666666666666666,0.75,-5.300000190734863,-4.2,0.0,0.0,0.7142857142857143
AAAAGAA,44449,7.0,0.0,961.91,1.0,-53.8,0.0,0.25,-4.900000095367432,-4.2,0.0,0.0,0.14285714285714285
GTGACGT,44699,7.0,0.0,923.8000000000001,0.5714285714285714,-51.39999999999999,0.6666666666666666,0.5,-6.599999904632568,-4.2,0.0,0.0,0.5714285714285714
CCTTTCG,45413,7.0,0.0,820.7,0.14285714285714285,-47.2,0.6666666666666666,0.5,-6.900000095367432,-4.2,0.0,0.0,0.5714285714285714
ATCTCGC,46206,7.0,0.0,843.74,0.2857142857142857,-48.599999999999994,0.3333333333333333,0.75,-6.199999809265137,-4.2,0.0,0.0,0.5714285714285714
CGTAGGA,46533,7.0,0.0,946.84,0.7142857142857143,-52.800000000000004,0.6666666666666666,0.5,-5.199999809265137,-4.2,0.0,0.0,0.5714285714285714
CTCAATA,47754,7.0,0.0,851.77,0.42857142857142855,-48.800000000000004,0.6666666666666666,0.0,-5.0,-4.2,0.0,0.0,0.2857142857142857
CGATTGTG,48162,8.0,1.0,1035.89,0.5,-57.60000000000001,0.5,0.5,-6.199999809265137,-4.2,0.0,0.0,0.5
CTTGTCG,50095,7.0,0.0,860.73,0.2857142857142857,-48.599999999999994,0.3333333333333333,0.75,-5.599999904632568,-4.2,0.0,0.0,0.5714285714285714
GTTCTCG,51007,7.0,0.0,860.7300000000001,0.2857142857142857,-48.599999999999994,0.3333333333333333,0.75,-6.900000095367432,-4.2,0.0,0.0,0.5714285714285714
TGCTGAG,51323,7.0,0.0,923.8000000000001,0.5714285714285714,-51.39999999999999,0.6666666666666666,0.5,-8.199999809265137,-4.2,0.0,0.0,0.5714285714285714
CGTGATG,52659,7.0,0.0,923.8000000000001,0.5714285714285714,-51.400000000000006,0.6666666666666666,0.5,-6.199999809265137,-4.2,0.6666666666666666,1.0,0.5714285714285714
AGCCTCG,55322,7.0,0.0,882.7800000000001,0.42857142857142855,-50.599999999999994,0.6666666666666666,0.75,-9.199999809265137,-4.2,0.0,0.0,0.7142857142857143
GCAGGAG,60365,7.0,0.0,985.88,0.8571428571428571,-54.8,0.6666666666666666,0.75,-4.900000095367432,-4.2,0.0,0.0,0.7142857142857143
GCGAGAG,63404,7.0,0.0,985.88,0.8571428571428571,-54.8,1.0,0.5,-4.900000095367432,-4.2,0.0,0.0,0.7142857142857143
TCGAAGG,77066,7.0,0.0,946.8399999999999,0.7142857142857143,-52.8,0.6666666666666666,0.5,-6.0,-4.2,0.0,0.0,0.5714285714285714
GCGCAT,1092630,6.0,1.0,771.6800000000001,0.5,-43.800000000000004,1.0,0.3333333333333333,-5.400000095367432,-4.2,0.0,0.0,0.6666666666666666
CCTTTA,1334667,6.0,1.0,693.6,0.16666666666666666,-39.800000000000004,0.6666666666666666,0.0,-9.899999618530273,-4.2,0.0,0.0,0.3333333333333333
ACAAAG,981696,6.0,1.0,802.75,0.8333333333333334,-45.400000000000006,0.3333333333333333,0.3333333333333333,-5.099999904632568,-4.2,0.0,0.0,0.3333333333333333
GCGCAT,1433813,6.0,1.0,771.6800000000001,0.5,-43.800000000000004,1.0,0.3333333333333333,-5.400000095367432,-4.2,0.0,0.0,0.6666666666666666
AGTCCA,1517501,6.0,1.0,755.6800000000001,0.5,-43.2,0.3333333333333333,0.6666666666666666,-7.300000190734863,-4.2,0.0,0.0,0.5
CGACAA,1658062,6.0,1.0,778.72,0.6666666666666666,-44.6,0.6666666666666666,0.3333333333333333,-5.099999904632568,-4.2,0.0,0.0,0.5
ACGAAA,1702727,6.0,1.0,802.75,0.8333333333333334,-45.4,0.6666666666666666,0.0,-5.699999809265137,-4.2,0.0,0.0,0.3333333333333333
TTCAGC,1770274,6.0,1.0,732.64,0.3333333333333333,-41.8,0.3333333333333333,0.6666666666666666,-7.900000095367432,-4.2,0.0,0.0,0.5
TCGACG,1963827,6.0,1.0,771.68,0.5,-43.8,0.6666666666666666,0.6666666666666666,-5.0,-4.2,0.0,0.0,0.6666666666666666
CGTCTA,2081456,6.0,1.0,732.6400000000001,0.3333333333333333,-41.800000000000004,0.6666666666666666,0.3333333333333333,-5.900000095367432,-4.2,0.0,0.0,0.5
ATTCCT,2254028,6.0,1.0,693.6,0.16666666666666666,-39.800000000000004,0.0,0.6666666666666666,-9.0,-4.2,0.0,0.0,0.3333333333333333
ATTTCT,2476468,6.0,1.0,694.59,0.16666666666666666,-39.2,0.0,0.3333333333333333,-6.099999904632568,-4.2,0.0,0.0,0.16666666666666666
TTTCCA,2488998,6.0,1.0,693.6,0.16666666666666666,-39.800000000000004,0.0,0.6666666666666666,-7.300000190734863,-4.2,0.0,0.0,0.3333333333333333
CCACAGA,2706734,7.0,0.0,889.8199999999999,0.5714285714285714,-51.4,0.6666666666666666,0.5,-7.0,-4.2,0.0,0.0,0.5714285714285714
TTTTCG,2785988,6.0,1.0,710.59,0.16666666666666666,-39.8,0.0,0.6666666666666666,-5.400000095367432,-4.2,0.0,0.0,0.3333333333333333
TATTCT,2801158,6.0,1.0,694.59,0.16666666666666666,-39.2,0.0,0.3333333333333333,-6.099999904632568,-4.2,0.0,0.0,0.16666666666666666
CCACAAG,3193784,7.0,0.0,889.8199999999999,0.5714285714285714,-51.400000000000006,0.6666666666666666,0.5,-7.0,-4.2,0.0,0.0,0.5714285714285714
