spacer,fluorescence,Spacing,Spacing_Penalty,Total_MW,Purine_Ratio,Total_Stacking,GC_Front,GC_Back,DG_total,DG_RBS,RBS_acc,ATG_acc,GC_spacer
TCACGG,4.4831021,6,1,771.68,0.5,-43.8,0.333333333,1,-4.800000191,-8.8,0.5,0,0.666666667
TCACGG,4.4831021,6,1,771.68,0.5,-43.8,0.333333333,1,-4.800000191,-8.8,0.5,0,0.666666667
AAAAGA,4.295061045,6,1,826.78,1,-46.2,0,0.333333333,-4.800000191,-8.8,1,0,0.166666667
GTTAAT,4.346235582,6,1,757.66,0.5,-42,0.333333333,0,-5.900000095,-8.8,0.7,0,0.166666667
GTTAAT,4.346235582,6,1,757.66,0.5,-42,0.333333333,0,-5.900000095,-8.8,0.7,0,0.166666667
CCCCCT,4.301029996,6,1,667.59,0,-40.2,1,0.666666667,-7.099999905,-8.8,0.7,0,0.833333333
CCCATA,4.300921408,6,1,715.65,0.333333333,-41.8,1,0,-6.300000191,-8.8,0.8,0,0.5
ATACAC,4.178574103,6,1,739.68,0.5,-42.6,0,0.666666667,-4.800000191,-8.8,1,0,0.333333333
CTGTCG,4.236134017,6,1,748.64,0.333333333,-42.4,0.666666667,0.666666667,-7.800000191,-8.8,0.6,0,0.666666667
TGTTGG,4.508152493,6,1,789.66,0.5,-43.2,0.333333333,0.666666667,-5.300000191,-8.8,0.7,0.666666667,0.5
TCGCCG,4.29444418,6,1,747.65,0.333333333,-43,0.666666667,1,-8.399999619,-8.8,0.5,0,0.833333333
TCGCCG,4.127331609,6,1,747.65,0.333333333,-43,0.666666667,1,-8.399999619,-8.8,0.5,0,0.833333333
CAATTC,4.488593016,6,1,716.64,0.333333333,-41.2,0.333333333,0.333333333,-6.800000191,-8.8,0.7,0,0.333333333
CCTCGA,4.233934797,6,1,731.65,0.333333333,-42.4,0.666666667,0.666666667,-8.300000191,-8.8,0.6,0,0.666666667
ATAAAC,4.468613144,6,1,763.71,0.666666667,-43.4,0,0.333333333,-5.300000191,-8.8,0.5,0,0.166666667
ATACAA,4.246227678,6,1,763.71,0.666666667,-43.4,0,0.333333333,-5,-8.8,0.5,0,0.166666667
CCGCCC,4.26278321,6,1,706.63,0.166666667,-42.2,1,1,-6.5,-8.8,0.8,0,1
ACCCAA,4.4448252,6,1,738.69,0.5,-43.2,0.666666667,0.333333333,-6.5,-8.8,0.7,0,0.5
ACCCAA,4.4448252,6,1,738.69,0.5,-43.2,0.666666667,0.333333333,-6.5,-8.8,0.7,0,0.5
CGATCG,4.458441428,6,1,771.68,0.5,-43.8,0.666666667,0.666666667,-6.699999809,-8.8,0.7,0,0.666666667
CGATCG,4.458441428,6,1,771.68,0.5,-43.8,0.666666667,0.666666667,-6.699999809,-8.8,0.7,0,0.666666667
ACGATC,4.497537788,6,1,755.68,0.5,-43.2,0.666666667,0.333333333,-6.300000191,-8.8,0.5,0,0.5
GCTCCC,4.246941512,6,1,707.62,0.166666667,-41.6,0.666666667,1,-6.699999809,-8.8,0.7,0,0.833333333
GCACGC,4.454234896,6,1,770.69,0.5,-44.4,0.666666667,1,-6,-8.8,0.5,0,0.833333333
AACCGC,4.286074554,6,1,754.69,0.5,-43.8,0.333333333,1,-6.300000191,-8.8,0.8,0,0.666666667
CCCCAC,4.260453018,6,1,690.63,0.166666667,-41.6,1,0.666666667,-6.300000191,-8.8,0.8,0,0.833333333
AAGAAA,4.301897717,6,1,826.78,1,-46.2,0.333333333,0,-4.800000191,-8.8,1,0,0.166666667
ACACCG,4.465917953,6,1,754.69,0.5,-43.8,0.333333333,1,-7.099999905,-8.8,0.5,0,0.666666667
TTTCCT,4.527887566,6,1,670.56,0,-38.4,0,0.666666667,-8.899999619,-8.8,0.5,0,0.333333333
CAAGCC,4.24137213,6,1,754.69,0.5,-43.8,0.333333333,1,-5,-8.8,0.9,0,0.666666667
CCTTCA,4.243509313,6,1,692.61,0.166666667,-40.4,0.666666667,0.333333333,-11.60000038,-8.8,0.5,0,0.5
TGGGCA,4.17023237,6,1,811.71,0.666666667,-45.2,0.666666667,0.666666667,-6.400000095,-8.8,0.6,0.333333333,0.666666667
AGACAT,4.329560582,6,1,779.71,0.666666667,-44,0.333333333,0.333333333,-4.800000191,-8.8,1,0,0.333333333
TCCCAT,4.496722133,6,1,692.61,0.166666667,-40.4,0.666666667,0.333333333,-6.300000191,-8.8,0.8,0,0.5
CTATTC,4.504511639,6,1,693.6,0.166666667,-39.8,0.333333333,0.333333333,-6.800000191,-8.8,0.7,0,0.333333333
CGAAAA,4.270072963,6,1,802.75,0.833333333,-45.4,0.666666667,0,-6.300000191,-8.8,0.4,0,0.333333333
CCACAC,4.205853695,6,1,714.66,0.333333333,-42.4,0.666666667,0.666666667,-6.800000191,-8.8,0.6,0,0.666666667
ACAAAG,4.845017378,6,1,802.75,0.833333333,-45.4,0.333333333,0.333333333,-8.399999619,-8.8,0.5,0,0.333333333
AATCTT,4.185457157,6,1,717.63,0.333333333,-40.6,0,0.333333333,-11,-8.8,0.6,0,0.166666667
AAAAGC,4.274065436,6,1,802.75,0.833333333,-45.4,0,0.666666667,-4.800000191,-8.8,1,0,0.333333333
CTCCCA,4.347466626,6,1,691.62,0.166666667,-41,0.666666667,0.666666667,-6.599999905,-8.8,0.8,0,0.666666667
CGCGCT,4.545912974,6,1,747.65,0.333333333,-43,1,0.666666667,-6.400000095,-8.8,0.4,0,0.833333333
AGGCAG,4.284520967,6,1,834.75,0.833333333,-46.6,0.666666667,0.666666667,-4.800000191,-8.8,1,0,0.666666667
CAGCCG,4.221674997,6,1,770.69,0.5,-44.4,0.666666667,1,-6.300000191,-8.8,0.8,0,0.833333333
TTGCTG,4.25428215,6,1,749.63,0.333333333,-41.8,0.333333333,0.666666667,-6.400000095,-8.8,0.4,0,0.5
AGTATG,4.561423406,6,1,796.7,0.666666667,-44,0.333333333,0.333333333,-4.800000191,-8.8,1,1,0.333333333
AGTATG,4.561423406,6,1,796.7,0.666666667,-44,0.333333333,0.333333333,-4.800000191,-8.8,1,1,0.333333333
CCTGCA,4.548868291,6,1,731.65,0.333333333,-42.4,0.666666667,0.666666667,-8.100000381,-8.8,0.7,0,0.666666667
TGCCAC,4.491193547,6,1,731.65,0.333333333,-42.4,0.666666667,0.666666667,-5.5,-8.8,0.8,1,0.666666667
CAGCCC,4.513590454,6,1,730.66,0.333333333,-43,0.666666667,1,-5.300000191,-8.8,0.8,0,0.833333333
TTGCTG,4.502181223,6,1,749.63,0.333333333,-41.8,0.333333333,0.666666667,-6.400000095,-8.8,0.4,0,0.5
CCCCTT,4.305093296,6,1,668.58,0,-39.6,1,0.333333333,-10.19999981,-8.8,0.5,0,0.666666667
CCCCCA,4.525576007,6,1,690.63,0.166666667,-41.6,1,0.666666667,-6.300000191,-8.8,0.8,0,0.833333333
ATCGTT,4.529904944,6,1,733.63,0.333333333,-41.2,0.333333333,0.333333333,-6.900000095,-8.8,0.7,0,0.333333333
TTCCAA,4.294642554,6,1,716.64,0.333333333,-41.2,0.333333333,0.333333333,-6.800000191,-8.8,0.7,0,0.333333333
CCACTT,4.268765127,6,1,692.61,0.166666667,-40.4,0.666666667,0.333333333,-9.399999619,-8.8,0.6,0,0.5
GGCCTG,4.243955302,6,1,787.68,0.5,-44.4,1,0.666666667,-8.100000381,-8.8,0.7,0,0.833333333
CCTCCC,4.271516345,6,1,667.59,0,-40.2,0.666666667,1,-7.300000191,-8.8,0.6,0,0.833333333
CGGCTT,4.169262864,6,1,748.64,0.333333333,-42.4,1,0.333333333,-11.19999981,-8.8,0.6,0,0.666666667
TCCCAT,4.473253337,6,1,692.61,0.166666667,-40.4,0.666666667,0.333333333,-6.300000191,-8.8,0.8,0,0.5
CAAACC,4.570134137,6,1,738.69,0.5,-43.2,0.333333333,0.666666667,-5,-8.8,0.4,0,0.5
CCGCGT,4.519959181,6,1,747.65,0.333333333,-43,1,0.666666667,-7.099999905,-8.8,0.7,0,0.833333333
TAAATG,4.293473048,6,1,780.7,0.666666667,-43.4,0,0.333333333,-4.800000191,-8.8,1,1,0.166666667
CAACTT,4.212453961,6,1,716.64,0.333333333,-41.2,0.333333333,0.333333333,-9.399999619,-8.8,0.6,0,0.333333333
CCAAAA,4.537290067,6,1,762.72,0.666666667,-44,0.666666667,0,-7,-8.8,0.6,0,0.333333333
ACCACA,4.500291376,6,1,738.69,0.5,-43.2,0.666666667,0.333333333,-7.599999905,-8.8,0.7,0,0.5
GAACTG,4.293958886,6,1,795.71,0.666666667,-44.6,0.333333333,0.666666667,-6,-8.8,0.8,0,0.5
CACCCA,4.477048866,6,1,714.66,0.333333333,-42.4,0.666666667,0.666666667,-5.5,-8.8,0.8,0,0.666666667
TCCAAT,4.322115879,6,1,716.64,0.333333333,-41.2,0.666666667,0,-6.300000191,-8.8,0.8,0,0.333333333
CGTCAG,4.29466459,6,1,771.68,0.5,-43.8,0.666666667,0.666666667,-6.800000191,-8.8,0.7,0,0.666666667
TCTGCC,4.512657719,6,1,708.61,0.166666667,-41,0.333333333,1,-7.199999809,-8.8,0.7,0,0.666666667
ATACCA,4.250663919,6,1,739.68,0.5,-42.6,0,0.666666667,-5.099999905,-8.8,0.8,0,0.333333333
ACAACA,4.467741259,6,1,762.72,0.666666667,-44,0.333333333,0.333333333,-6.699999809,-8.8,0.5,0,0.333333333
CTCCCT,4.257438567,6,1,668.58,0,-39.6,0.666666667,0.666666667,-7.400000095,-8.8,0.6,0,0.666666667
CACCGC,4.374253298,6,1,730.66,0.333333333,-43,0.666666667,1,-6.300000191,-8.8,0.8,0,0.833333333
CTCCGG,4.160468531,6,1,747.65,0.333333333,-43,0.666666667,1,-7.5,-8.8,0.7,0,0.833333333
CAACCA,4.437449305,6,1,738.69,0.5,-43.2,0.333333333,0.666666667,-5.099999905,-8.8,0.4,0,0.5
CACTTA,4.425469006,6,1,716.64,0.333333333,-41.2,0.666666667,0,-7.800000191,-8.8,0.7,0,0.333333333
CAATTA,4.136086097,6,1,740.67,0.5,-42,0.333333333,0,-5.699999809,-8.8,0.7,0,0.166666667
CCTATC,4.536305872,6,1,692.61,0.166666667,-40.4,0.666666667,0.333333333,-7.300000191,-8.8,0.5,0,0.5
CTTATA,4.171521687,6,1,717.63,0.333333333,-40.6,0.333333333,0,-8.5,-8.8,0.7,0,0.166666667
CGACAA,4.276921132,6,1,778.72,0.666666667,-44.6,0.666666667,0.333333333,-6,-8.8,0.9,0,0.5
CGACAA,4.276921132,6,1,778.72,0.666666667,-44.6,0.666666667,0.333333333,-6,-8.8,0.9,0,0.5
AAAAGT,4.525446506,6,1,803.74,0.833333333,-44.8,0,0.333333333,-4.800000191,-8.8,1,0,0.166666667
CCTGAC,4.309395926,6,1,731.65,0.333333333,-42.4,0.666666667,0.666666667,-8.100000381,-8.8,0.7,0,0.666666667
CTTGAG,4.212666929,6,1,772.67,0.5,-43.2,0.333333333,0.666666667,-8.699999809,-8.8,0.7,0,0.5
CTTGAG,4.212666929,6,1,772.67,0.5,-43.2,0.333333333,0.666666667,-8.699999809,-8.8,0.7,0,0.5
TCCGCG,4.236839449,6,1,747.65,0.333333333,-43,0.666666667,1,-7.300000191,-8.8,0.8,0,0.833333333
ATAACT,4.21420783,6,1,740.67,0.5,-42,0,0.333333333,-5,-8.8,0.5,0,0.166666667
GCGCAT,6.038473121,6,1,771.68,0.5,-43.8,1,0.333333333,-5.099999905,-8.8,0.9,0,0.666666667
TTCAGC,6.248040491,6,1,732.64,0.333333333,-41.8,0.333333333,0.666666667,-6.800000191,-8.8,0.7,0,0.5
CGACAA,6.219600766,6,1,778.72,0.666666667,-44.6,0.666666667,0.333333333,-6,-8.8,0.9,0,0.5
AGTCCA,6.181128986,6,1,755.68,0.5,-43.2,0.333333333,0.666666667,-7.300000191,-8.8,0.7,0,0.5
CCTTTA,6.125372923,6,1,693.6,0.166666667,-39.8,0.666666667,0,-9.800000191,-8.8,0.5,0,0.333333333
ACAAAG,5.991977021,6,1,802.75,0.833333333,-45.4,0.333333333,0.333333333,-8.399999619,-8.8,0.5,0,0.333333333
GCGCAT,6.156492514,6,1,771.68,0.5,-43.8,1,0.333333333,-5.099999905,-8.8,0.9,0,0.666666667
ACGAAA,6.231145023,6,1,802.75,0.833333333,-45.4,0.666666667,0,-8,-8.8,0.5,0,0.333333333
CGTCTA,6.318367235,6,1,732.64,0.333333333,-41.8,0.666666667,0.333333333,-8.5,-8.8,0.6,0,0.5
TCGACG,6.293103227,6,1,771.68,0.5,-43.8,0.666666667,0.666666667,-5.599999905,-8.8,0.8,0,0.666666667
CACCAGTG,4.363818738,8,1,1017.91,0.5,-58.2,0.75,0.5,-6.300000191,-8.8,0.8,0,0.625
CCCCGCTC,4.414154098,8,1,929.82,0.125,-55.2,1,0.75,-8.899999619,-8.8,0.6,0,0.875
AGCCCCAC,4.490183299,8,1,976.89,0.375,-57.4,0.75,0.75,-6.5,-8.8,0.8,0,0.75
TCTTCTTC,4.384156207,8,1,893.75,0,-51.4,0.25,0.5,-11.60000038,-8.8,0.4,0,0.375
TAATGGCG,4.389750659,8,1,1058.93,0.625,-59,0,1,-4.900000095,-8.8,0.8,0.666666667,0.5
CAGGAAGA,4.496763644,8,1,1105.01,0.875,-61.8,0.75,0.25,-6.300000191,-8.8,0.4,0,0.5
CTAGCAAC,4.476643268,8,1,1001.91,0.5,-57.6,0.5,0.5,-5.800000191,-8.8,0.6,0,0.5
ACCTCGTC,4.414388327,8,1,954.84,0.25,-55.4,0.5,0.75,-8.600000381,-8.8,0.6,0,0.625
CTATGACG,4.492019642,8,1,1018.9,0.5,-57.6,0.25,0.75,-7,-8.8,0.6,0.333333333,0.5
ATCACAGC,4.414588994,8,1,1001.91,0.5,-57.6,0.25,0.75,-5.300000191,-8.8,0.7,0,0.5
CCGGAGGG,4.525265139,8,1,1112.98,0.75,-62.2,1,0.75,-7.199999809,-8.8,0.6,0,0.875
AGTCTTTT,4.567461619,8,1,957.81,0.25,-53.6,0.5,0,-9.899999619,-8.8,0.4,0,0.25
CGATTGTG,4.679009755,8,1,1035.89,0.5,-57.6,0.5,0.5,-6.599999905,-8.8,0.7,0,0.5
CATAACAG,4.596179092,8,1,1025.94,0.625,-58.4,0.25,0.5,-5.599999905,-8.8,0.4,0,0.375
TGTGAAGA,4.548929647,8,1,1082.96,0.75,-59.8,0.5,0.25,-4.699999809,-8.8,1,1,0.375
TACCAGGC,4.360801613,8,1,1017.91,0.5,-58.2,0.5,0.75,-6.300000191,-8.8,0.8,0,0.625
TTAACCAT,4.365431822,8,1,963.86,0.375,-55,0,0.5,-5.5,-8.8,0.8,0,0.25
ACGCCCAG,4.309672743,8,1,1016.92,0.5,-58.8,0.75,0.75,-6.300000191,-8.8,0.5,0,0.75
CAACGGAC,4.514095958,8,1,1040.95,0.625,-59.6,0.5,0.75,-5.099999905,-8.8,0.9,0,0.625
CACGCCTT,4.347622699,8,1,954.84,0.25,-55.4,0.75,0.5,-10.19999981,-8.8,0.6,0,0.625
AGACTTAC,4.397609819,8,1,1002.9,0.5,-57,0.5,0.25,-7.599999905,-8.8,0.7,0,0.375
TGTGTACT,4.621799224,8,1,996.85,0.375,-55.6,0.5,0.25,-4.699999809,-8.8,1,1,0.375
AGGCAGCA,4.473720477,8,1,1080.98,0.75,-61,0.75,0.5,-4.699999809,-8.8,0.8,0,0.625
TAAGCAGA,4.498048519,8,1,1065.97,0.75,-59.8,0.25,0.5,-8.399999619,-8.8,0.6,0,0.375
TTACTTGC,4.38868721,8,1,956.82,0.25,-54.2,0.25,0.5,-7.800000191,-8.8,0.7,0,0.375
CATATCCG,4.57876524,8,1,978.87,0.375,-56.2,0.25,0.75,-8.600000381,-8.8,0.7,0,0.5
ACAAACCG,4.363950259,8,1,1024.95,0.625,-59,0.25,0.75,-9.399999619,-8.8,0.5,0,0.5
TGTCCCCC,4.539189051,8,1,930.81,0.125,-54.6,0.5,1,-8.300000191,-8.8,0.7,1,0.75
ATACACCC,4.293141483,8,1,961.88,0.375,-56.2,0.25,0.75,-8,-8.8,0.5,0,0.5
CCCATCTC,4.476744703,8,1,914.81,0.125,-54,0.75,0.5,-10.80000019,-8.8,0.5,0,0.625
CCTCGCC,4.489874142,7,0,818.72,0.142857143,-48.4,0.666666667,1,-7.599999905,-8.8,0.6,0,0.857142857
GGAGGGC,3.944186461,7,0,1001.88,0.857142857,-55.4,0.666666667,1,-5.699999809,-8.8,0.7,0,0.857142857
GCTACGG,4.376814112,7,0,922.81,0.571428571,-52,0.666666667,0.75,-7.099999905,-8.8,0.7,0,0.714285714
CAATCCC,4.243682807,7,0,826.75,0.285714286,-48.6,0.333333333,0.75,-7.300000191,-8.8,0.7,0,0.571428571
CCCGGTG,4.699794381,7,0,898.78,0.428571429,-51.2,1,0.75,-7.800000191,-8.8,0.8,0,0.857142857
ACTTCCC,4.430268606,7,0,803.71,0.142857143,-47.2,0.333333333,0.75,-10.89999962,-8.8,0.6,0,0.571428571
CTTGTCG,4.682704513,7,0,860.73,0.285714286,-48.6,0.333333333,0.75,-8.199999809,-8.8,0.6,0,0.571428571
GCCCCGG,4.424195367,7,0,897.79,0.428571429,-51.8,1,1,-7,-8.8,0.8,0,1
GTGACGT,4.647861995,7,0,923.8,0.571428571,-51.4,0.666666667,0.5,-4.699999809,-8.8,1,0,0.571428571
CTCAATA,4.667761053,7,0,851.77,0.428571429,-48.8,0.666666667,0,-5.900000095,-8.8,0.8,0,0.285714286
CCTTCCT,4.431283332,7,0,780.67,0,-45.8,0.666666667,0.5,-12.89999962,-8.8,0.4,0,0.571428571
CCTTTCG,4.650297807,7,0,820.7,0.142857143,-47.2,0.666666667,0.5,-11.19999981,-8.8,0.5,0,0.571428571
CGCGTCT,4.618131808,7,0,859.74,0.285714286,-49.2,1,0.5,-7.5,-8.8,0.6,0,0.714285714
CGGCCCAA,4.401951676,8,1,1016.92,0.5,-58.8,1,0.5,-6.300000191,-8.8,0.8,0,0.75
GCAGGAG,4.780785205,7,0,985.88,0.857142857,-54.8,0.666666667,0.75,-8.5,-8.8,0.5,0,0.714285714
GCGAGAG,4.802116657,7,0,985.88,0.857142857,-54.8,1,0.5,-8.600000381,-8.8,0.5,0,0.714285714
TGCTGAG,4.710312034,7,0,923.8,0.571428571,-51.4,0.666666667,0.5,-7.099999905,-8.8,1,0.333333333,0.571428571
ATCTGGA,4.489381848,7,0,907.8,0.571428571,-50.8,0.333333333,0.5,-6.599999905,-8.8,0.7,0,0.428571429
CCGCTGGT,4.389803763,8,1,1010.87,0.375,-57.4,1,0.5,-6.800000191,-8.8,0.7,0,0.75
TCCCGAG,4.486118638,7,0,882.78,0.428571429,-50.6,0.666666667,0.75,-7.199999809,-8.8,0.8,0,0.714285714
ACTAAAC,4.511468913,7,0,874.81,0.571428571,-50.2,0.333333333,0.25,-6.5,-8.8,0.8,0,0.285714286
CCTCCGG,4.321536295,7,0,858.75,0.285714286,-49.8,0.666666667,1,-8.5,-8.8,0.6,0,0.857142857
ACCTGCG,4.596553114,7,0,882.78,0.428571429,-50.6,0.666666667,0.75,-9,-8.8,0.6,0,0.714285714
AATTACC,4.570449533,7,0,851.77,0.428571429,-48.8,0,0.5,-4.900000095,-8.8,0.5,0,0.285714286
CGTAGGA,4.664698374,7,0,946.84,0.714285714,-52.8,0.666666667,0.5,-5.400000095,-8.8,0.9,0,0.571428571
TGCGAGG,4.640232914,7,0,962.84,0.714285714,-53.4,0.666666667,0.75,-5.400000095,-8.8,0.9,1,0.714285714
GTTCTCG,4.707629781,7,0,860.73,0.285714286,-48.6,0.333333333,0.75,-8.699999809,-8.8,0.6,0,0.571428571
CCTCAGG,4.520575229,7,0,882.78,0.428571429,-50.6,0.666666667,0.75,-7.599999905,-8.8,0.7,0,0.714285714
TCGAAGG,4.886862818,7,0,946.84,0.714285714,-52.8,0.666666667,0.5,-5.400000095,-8.8,0.9,0,0.571428571
AGAGCGC,4.381746651,7,0,945.85,0.714285714,-53.4,0.333333333,1,-4.699999809,-8.8,1,0,0.714285714
AAAAGAA,4.644674876,7,0,961.91,1,-53.8,0,0.25,-4.699999809,-8.8,1,0,0.142857143
ATCTCGC,4.657180193,7,0,843.74,0.285714286,-48.6,0.333333333,0.75,-6.5,-8.8,0.7,0,0.571428571
AGCCTCG,4.742897872,7,0,882.78,0.428571429,-50.6,0.666666667,0.75,-8.899999619,-8.8,0.6,0,0.714285714
AAAACAC,4.409510452,7,0,897.85,0.714285714,-51.6,0,0.5,-4.699999809,-8.8,1,0,0.285714286
CATCAGCG,4.561077521,8,1,1017.91,0.5,-58.2,0.5,0.75,-6,-8.8,0.4,0,0.625
GCCCAGG,4.454814382,7,0,921.82,0.571428571,-52.6,1,0.75,-6.800000191,-8.8,0.7,0,0.857142857
TCTCTGC,4.488846725,7,0,820.7,0.142857143,-47.2,0.333333333,0.75,-8.100000381,-8.8,0.7,0,0.571428571
CTTCTCC,4.547725491,7,0,780.67,0,-45.8,0.333333333,0.75,-12,-8.8,0.5,0,0.571428571
CTTGTGC,4.445790956,7,0,860.73,0.285714286,-48.6,0.333333333,0.75,-9.199999809,-8.8,0.6,0,0.571428571
CCACTGG,4.406914704,7,0,882.78,0.428571429,-50.6,0.666666667,0.75,-6.699999809,-8.8,0.6,0,0.714285714
CCATGCA,4.516482489,7,0,866.78,0.428571429,-50,0.666666667,0.5,-7.5,-8.8,0.6,0.333333333,0.571428571
TAATCAC,4.422327148,7,0,851.77,0.428571429,-48.8,0,0.5,-5,-8.8,0.8,0,0.285714286
TAGGCGC,4.455879837,7,0,922.81,0.571428571,-52,0.333333333,1,-5.400000095,-8.8,0.6,0,0.714285714
CGACGTG,4.606897052,7,0,922.81,0.571428571,-52,0.666666667,0.75,-6.099999905,-8.8,0.7,0,0.714285714
CAAGTTAG,4.199151571,8,1,1042.93,0.625,-58.4,0.5,0.25,-7.199999809,-8.8,0.4,0,0.375
AACTGCCA,4.278341969,8,1,1001.91,0.5,-57.6,0.25,0.75,-7.800000191,-8.8,0.8,0,0.5
CCTAGCGT,4.340186238,8,1,994.87,0.375,-56.8,0.5,0.75,-7.5,-8.8,0.6,0,0.625
CACACCCA,4.107752499,8,1,960.89,0.375,-56.8,0.5,0.75,-6.099999905,-8.8,0.4,0,0.625
GGTGGCAC,4.135895576,8,1,1073.94,0.625,-60.2,0.75,0.75,-5,-8.8,0.8,0,0.75
CAAACAGA,4.225516039,8,1,1048.98,0.75,-59.8,0.25,0.5,-6.699999809,-8.8,0.4,0,0.375
ACCCCGGG,4.02914018,8,1,1032.92,0.5,-59.4,0.75,1,-7.5,-8.8,0.8,0,0.875
CTCCCTGA,4.415957746,8,1,954.84,0.25,-55.4,0.75,0.5,-9.100000381,-8.8,0.7,0,0.625
CAAGCCCC,4.528260909,8,1,976.89,0.375,-57.4,0.5,1,-5.599999905,-8.8,0.4,0,0.75
GACCTAGG,4.197197827,8,1,1057.94,0.625,-59.6,0.75,0.5,-7.900000095,-8.8,0.7,0,0.625
AGTGCACA,4.044304519,8,1,1041.94,0.625,-59,0.5,0.5,-5.199999809,-8.8,0.8,0,0.5
CATAAACC,4.141669217,8,1,985.91,0.5,-57,0.25,0.5,-4.699999809,-8.8,1,0,0.375
AAGAAGCG,4.135959092,8,1,1105.01,0.875,-61.8,0.25,0.75,-4.699999809,-8.8,1,0,0.5
CCCATTAC,4.205664407,8,1,938.84,0.25,-54.8,0.75,0.25,-7.300000191,-8.8,0.6,0,0.5
CAGCTGCC,4.164977077,8,1,993.88,0.375,-57.4,0.75,0.75,-6.400000095,-8.8,0.7,0,0.75
CGATCTAC,4.191925852,8,1,978.87,0.375,-56.2,0.5,0.5,-7.099999905,-8.8,0.6,0,0.5
GCCGGC,4.318981064,6,1,786.69,0.5,-45,1,1,-7.300000191,-8.8,0.7,0,1
CGGACGC,4.612635536,7,0,921.82,0.571428571,-52.6,1,0.75,-5.400000095,-8.8,0.9,0,0.857142857
CGTGATG,4.721472608,7,0,923.8,0.571428571,-51.4,0.666666667,0.5,-5.400000095,-8.8,0.9,1,0.571428571
ATTCACG,4.240249632,7,0,867.77,0.428571429,-49.4,0,0.75,-7.099999905,-8.8,0.7,0,0.428571429
ATCAAGA,4.606284606,7,0,914.84,0.714285714,-51.6,0.333333333,0.25,-5.599999905,-8.8,0.7,0,0.285714286
CCTATTG,3.901948465,7,0,844.73,0.285714286,-48,0.666666667,0.25,-8.5,-8.8,0.5,0,0.428571429
CCCCCGCC,6.458141942,8,1,928.83,0.125,-55.8,1,1,-7.5,-8.8,0.8,0,1
AGAAAGCC,6.094507115,8,1,1064.98,0.75,-60.4,0.25,0.75,-4.699999809,-8.8,1,0,0.5
CCACAAG,6.515171785,7,0,889.82,0.571428571,-51.4,0.666666667,0.5,-6.699999809,-8.8,0.6,0,0.571428571
CCCATCC,6.429375621,7,0,802.72,0.142857143,-47.8,1,0.5,-8.699999809,-8.8,0.6,0,0.714285714
CGCTAAC,6.305809502,7,0,866.78,0.428571429,-50,1,0.25,-8.399999619,-8.8,0.4,0,0.571428571
CTCCACGT,6.263145643,8,1,954.84,0.25,-55.4,0.75,0.5,-8,-8.8,0.6,0,0.625
CGTCTA,6.318367235,6,1,732.64,0.333333333,-41.8,0.666666667,0.333333333,-8.5,-8.8,0.6,0,0.5
TCGACG,6.293103227,6,1,771.68,0.5,-43.8,0.666666667,0.666666667,-5.599999905,-8.8,0.8,0,0.666666667
GCTGCC,6.399484217,6,1,747.65,0.333333333,-43,0.666666667,1,-6.699999809,-8.8,0.8,0,0.833333333
TTTCAC,6.554065562,6,1,693.6,0.166666667,-39.8,0,0.666666667,-8,-8.8,0.6,0,0.333333333
TACTTG,6.331369994,6,1,733.63,0.333333333,-41.2,0.333333333,0.333333333,-7.900000095,-8.8,0.7,0,0.333333333
ACGGAA,6.359099593,6,1,818.75,0.833333333,-46,0.666666667,0.333333333,-7.300000191,-8.8,0.5,0,0.5
GCGCAT,6.156492514,6,1,771.68,0.5,-43.8,1,0.333333333,-5.099999905,-8.8,0.9,0,0.666666667
ACGAAA,6.231145023,6,1,802.75,0.833333333,-45.4,0.666666667,0,-8,-8.8,0.5,0,0.333333333
ACCCCAC,5.134365197,7,0,825.76,0.285714286,-49.2,0.666666667,0.75,-6.800000191,-8.8,0.7,0,0.714285714
CGTCGGA,5.719464704,7,0,922.81,0.571428571,-52,0.666666667,0.75,-7.099999905,-8.8,0.7,0,0.714285714
ACAAAG,5.991977021,6,1,802.75,0.833333333,-45.4,0.333333333,0.333333333,-8.399999619,-8.8,0.5,0,0.333333333
GCCCCT,5.960229066,6,1,707.62,0.166666667,-41.6,1,0.666666667,-7.099999905,-8.8,0.7,0,0.833333333
