Spacing,Spacing_Penalty,Total_MW,Purine_Ratio,Total_Stacking,GC_Front,GC_Back,DG_total,DG_RBS,RBS_acc,ATG_acc,GC_spacer,predicted_score,spacer_seq
6,1,693.6,0.166666667,-39.8,0,0.666666667,-8,-8.8,0.6,0,0.333333333,3579803.8,TTTCCA
6,1,693.6,0.166666667,-39.8,0,0.666666667,-8,-8.8,0.6,0,0.333333333,3579803.8,TTTCAC
6,1,710.59,0.166666667,-39.8,0,0.666666667,-8,-8.8,0.6,0,0.333333333,3579803.8,TTTTCG
6,1,693.6,0.166666667,-39.8,0,0.666666667,-8.699999809,-8.8,0.6,0,0.333333333,3527739.2,ATTCCT
6,1,694.59,0.166666667,-39.2,0,0.333333333,-8.699999809,-8.8,0.5,0,0.166666667,3416399.8,ATTTCT
6,1,694.59,0.166666667,-39.2,0,0.333333333,-8,-8.8,0.6,0,0.166666667,3328948.8,TATTCT
6,1,695.58,0.166666667,-38.6,0,0,-8.399999619,-8.8,0.6,0,0,3328948.8,TATTTT
7,0,889.82,0.571428571,-51.4,0.666666667,0.5,-6.699999809,-8.8,0.6,0,0.571428571,3270425.8,CCACAAG
7,0,889.82,0.571428571,-51.4,0.666666667,0.5,-6.699999809,-8.8,0.6,0,0.571428571,3270425.8,CCACAGA
7,0,889.82,0.571428571,-51.4,0.666666667,0.5,-6.699999809,-8.8,0.6,0,0.571428571,3270425.8,CCACGAA
