spacer,mean,nrep
CCACTTT,1731912.06274893,6
CCACAAA,1724654.4256265666,6
CCACTT,1701724.82112627,3
CCACTA,1666359.0068521567,3
CCACTTA,1645013.1074030965,6
CCACAA,1631916.4520466998,3
CCACAAAT,1598002.5055007767,3
CCACTAAA,1580560.6174018132,3
CCACAATT,1525450.7798169733,3
CCACAT,1504921.9985242067,3
CCACTTTT,1376830.74684839,3
CCACTAA,1357326.99334376,6
CCACATTT,1331687.4716214833,3
CCACAAT,1308314.3899052832,6
AACCACA,1299618.5555804067,3
CCACAAAA,1291558.4335637335,3
AATCCAC,1221086.7934015568,3
AACCACT,1220352.57654553,3
TTCCACA,1211550.5390857,3
CCACATT,1208146.9737926729,6
TTTCCAC,1192651.9071660636,3
ATCCACA,1100564.7393212898,3
TTACCAC,1094401.05569511,3
TTCCACT,948572.1965145484,3
TACCACT,883283.4395787107,3
AAACCAC,603297.8087465133,3
ATTCCAC,348833.43093772995,3
ATACCAC,172321.87317480202,3
