quantile,length,distance,edges,HH,HL,LL,high_anchor_pairs,low_anchor_pairs,p_high_neighbor_high_anchor,p_high_neighbor_low_anchor,difference,lift_vs_low
0.8,6,1,56,4,8,44,16,96,0.5,0.08333333333333333,0.4166666666666667,6.0
0.8,6,2,378,9,88,281,106,650,0.16981132075471697,0.13538461538461538,0.03442670537010159,1.254288164665523
0.8,6,3,1359,33,361,965,427,2291,0.15456674473067916,0.15757311217808817,-0.0030063674474090085,0.9809208093573019
0.8,6,4,2947,75,722,2150,872,5022,0.1720183486238532,0.14376742333731582,0.028250925286537387,1.196504358433505
0.8,6,5,3326,64,865,2397,993,5659,0.12890231621349446,0.1528538611062025,-0.023951544892708038,0.8433042860718672
0.8,6,6,1525,25,434,1066,484,2566,0.10330578512396695,0.1691348402182385,-0.06582905509427155,0.6107895037513806
0.8,7,1,18,3,5,10,11,25,0.5454545454545454,0.2,0.3454545454545454,2.727272727272727
0.8,7,2,81,3,32,46,38,124,0.15789473684210525,0.25806451612903225,-0.100169779286927,0.6118421052631579
0.8,7,3,371,15,114,242,144,598,0.20833333333333334,0.19063545150501673,0.01769788182831661,1.0928362573099415
0.8,7,4,1096,27,357,712,411,1781,0.13138686131386862,0.2004491858506457,-0.06906232453677708,0.6554621848739497
0.8,7,5,1673,67,504,1102,638,2708,0.21003134796238246,0.1861152141802068,0.023916133782175664,1.128501766432801
0.8,7,6,1481,50,487,944,587,2375,0.17035775127768313,0.20505263157894738,-0.03469488030126425,0.8308001217340809
0.8,7,7,533,25,161,347,211,855,0.23696682464454977,0.18830409356725147,0.048662731077298294,1.2584263047893791
0.8,8,1,12,1,0,11,2,22,1.0,0.0,1.0,
0.8,8,2,82,4,34,44,42,122,0.19047619047619047,0.2786885245901639,-0.08821233411397345,0.6834733893557423
0.8,8,3,556,27,193,336,247,865,0.21862348178137653,0.223121387283237,-0.004497905501860466,0.9798409934761176
0.8,8,4,1854,101,663,1090,865,2843,0.23352601156069364,0.23320436158986985,0.00032164997082378965,1.001379262242914
0.8,8,5,3803,251,1355,2197,1857,5749,0.2703284868066774,0.2356931640285267,0.034635322778150734,1.1469509008498808
0.8,8,6,4872,284,1877,2711,2445,7299,0.23231083844580777,0.25715851486505,-0.02484767641924221,0.9033760308023181
0.8,8,7,3619,205,1366,2048,1776,5462,0.23085585585585586,0.2500915415598682,-0.019235685704012323,0.9230854207062114
0.8,8,8,1133,73,452,608,598,1668,0.24414715719063546,0.2709832134292566,-0.02683605623862112,0.9009678278627875
0.9,6,1,56,0,5,51,5,107,0.0,0.04672897196261682,-0.04672897196261682,0.0
0.9,6,2,378,1,43,334,45,711,0.044444444444444446,0.06047819971870605,-0.016033755274261603,0.7348837209302326
0.9,6,3,1359,2,141,1216,145,2573,0.027586206896551724,0.05479984453944812,-0.027213637642896395,0.5033993641477134
0.9,6,4,2947,10,313,2624,333,5561,0.06006006006006006,0.05628484085596116,0.0037752192040989008,1.0670734632395975
0.9,6,5,3326,10,354,2962,374,6278,0.053475935828877004,0.056387384517362214,-0.0029114486884852103,0.9483670201516662
0.9,6,6,1525,5,192,1328,202,2848,0.04950495049504951,0.06741573033707865,-0.017910779842029143,0.7343234323432344
0.9,7,1,18,2,3,13,7,29,0.5714285714285714,0.10344827586206896,0.46798029556650245,5.523809523809524
0.9,7,2,81,1,17,63,19,143,0.10526315789473684,0.11888111888111888,-0.013617960986382044,0.8854489164086687
0.9,7,3,371,7,66,298,80,662,0.175,0.09969788519637462,0.07530211480362536,1.7553030303030301
0.9,7,4,1096,7,215,874,229,1963,0.0611353711790393,0.10952623535404993,-0.04839086417501063,0.5581801563928099
0.9,7,5,1673,25,288,1360,338,3008,0.14792899408284024,0.09574468085106383,0.052184313231776414,1.5450361604207759
0.9,7,6,1481,7,324,1150,338,2624,0.04142011834319527,0.12347560975609756,-0.08205549141290229,0.33545182263130985
0.9,7,7,533,6,99,428,111,955,0.10810810810810811,0.10366492146596859,0.004443186642139524,1.042861042861043
0.9,8,1,12,1,0,11,2,22,1.0,0.0,1.0,
0.9,8,2,82,2,25,55,29,135,0.13793103448275862,0.18518518518518517,-0.047254150702426556,0.7448275862068966
0.9,8,3,556,7,125,424,139,973,0.10071942446043165,0.12846865364850976,-0.02774922918807811,0.784
0.9,8,4,1854,22,403,1429,447,3261,0.09843400447427293,0.12358172339773076,-0.025147718923457824,0.7965094009692408
0.9,8,5,3803,89,878,2836,1056,6550,0.16856060606060605,0.13404580152671755,0.0345148045338885,1.257485159108166
0.9,8,6,4872,78,1177,3617,1333,8411,0.11702925731432859,0.1399357983592914,-0.022906541044962814,0.8363067827279675
0.9,8,7,3619,59,812,2748,930,6308,0.12688172043010754,0.12872542802790107,-0.0018437075977935369,0.9856772074792098
0.9,8,8,1133,18,300,815,336,1930,0.10714285714285714,0.15544041450777202,-0.04829755736491488,0.6892857142857143
