feature,learner,arm,stage,pool,mean
kmer,XGB,guided,0,421,0.2
kmer,XGB,guided,1,421,0.21989743589743593
kmer,XGB,guided,2,421,0.22276190476190474
kmer,XGB,AL,0,421,0.2
kmer,XGB,AL,1,421,0.1950769230769231
kmer,XGB,AL,2,421,0.1915238095238095
kmer,GPR,guided,0,421,0.2
kmer,GPR,guided,1,421,0.221025641025641
kmer,GPR,guided,2,421,0.22485714285714284
kmer,GPR,AL,0,421,0.2
kmer,GPR,AL,1,421,0.20235897435897438
kmer,GPR,AL,2,421,0.20657142857142857
kmer,DNN,guided,0,421,0.2
kmer,DNN,guided,1,421,0.22112820512820514
kmer,DNN,guided,2,421,0.2259047619047619
kmer,DNN,AL,0,421,0.2
kmer,DNN,AL,1,421,0.1996923076923077
kmer,DNN,AL,2,421,0.20095238095238094
physico,XGB,guided,0,421,0.2
physico,XGB,guided,1,421,0.22082051282051282
physico,XGB,guided,2,421,0.22742857142857142
physico,XGB,AL,0,421,0.2
physico,XGB,AL,1,421,0.19835897435897437
physico,XGB,AL,2,421,0.19895238095238096
physico,GPR,guided,0,421,0.2
physico,GPR,guided,1,421,0.22420512820512822
physico,GPR,guided,2,421,0.2320952380952381
physico,GPR,AL,0,421,0.2
physico,GPR,AL,1,421,0.20574358974358975
physico,GPR,AL,2,421,0.2080952380952381
physico,DNN,guided,0,421,0.2
physico,DNN,guided,1,421,0.22205128205128205
physico,DNN,guided,2,421,0.23085714285714284
physico,DNN,AL,0,421,0.2
physico,DNN,AL,1,421,0.20225641025641028
physico,DNN,AL,2,421,0.2082857142857143
nt,XGB,guided,0,417,0.2
nt,XGB,guided,1,417,0.21671794871794872
nt,XGB,guided,2,417,0.2202857142857143
nt,XGB,AL,0,417,0.2
nt,XGB,AL,1,417,0.19938461538461538
nt,XGB,AL,2,417,0.20085714285714287
nt,GPR,guided,0,417,0.2
nt,GPR,guided,1,417,0.21415384615384614
nt,GPR,guided,2,417,0.21828571428571428
nt,GPR,AL,0,417,0.2
nt,GPR,AL,1,417,0.20523076923076924
nt,GPR,AL,2,417,0.20361904761904762
nt,DNN,guided,0,417,0.2
nt,DNN,guided,1,417,0.21292307692307694
nt,DNN,guided,2,417,0.21314285714285713
nt,DNN,AL,0,417,0.2
nt,DNN,AL,1,417,0.20205128205128206
nt,DNN,AL,2,417,0.2000952380952381
