feature,metric,arm,stage,value
kmer,topk,guided,0,6.2
kmer,topk,guided,1,7.7
kmer,topk,guided,2,8.383333333333333
kmer,topk,greedy,0,6.2
kmer,topk,greedy,1,6.7
kmer,topk,greedy,2,7.533333333333333
kmer,topk,EI,0,6.2
kmer,topk,EI,1,6.633333333333334
kmer,topk,EI,2,7.333333333333333
kmer,topk,UCB,0,6.2
kmer,topk,UCB,1,6.716666666666667
kmer,topk,UCB,2,7.55
kmer,topk,AL,0,6.2
kmer,topk,AL,1,6.316666666666666
kmer,topk,AL,2,6.716666666666667
kmer,topk,random,0,6.2
kmer,topk,random,1,6.55
kmer,topk,random,2,6.95
physico,topk,guided,0,6.2
physico,topk,guided,1,7.8
physico,topk,guided,2,8.583333333333334
physico,topk,greedy,0,6.2
physico,topk,greedy,1,7.033333333333333
physico,topk,greedy,2,7.816666666666666
physico,topk,EI,0,6.2
physico,topk,EI,1,6.7
physico,topk,EI,2,7.35
physico,topk,UCB,0,6.2
physico,topk,UCB,1,6.933333333333334
physico,topk,UCB,2,7.733333333333333
physico,topk,AL,0,6.2
physico,topk,AL,1,7.016666666666667
physico,topk,AL,2,7.383333333333334
physico,topk,random,0,6.2
physico,topk,random,1,6.55
physico,topk,random,2,6.95
nt,topk,guided,0,5.76
nt,topk,guided,1,6.795555555555556
nt,topk,guided,2,7.404444444444445
nt,topk,AL,0,5.76
nt,topk,AL,1,6.124444444444444
nt,topk,AL,2,6.528888888888889
