sequence_a,sequence_b,length,value_a,value_b,high_a,high_b,edge_type
AACACCCA,AACATCCA,8,700105.4766763402,1030226.634086744,False,False,LL
AACACG,ACCACG,6,744016.1542470036,634828.7002253945,False,False,LL
AACCAGTG,AACCAGTT,8,1360934.2417061613,1292108.4548104955,True,True,HH
AAGCCACC,AAGCTACC,8,1055654.755913437,1013595.3538627768,False,False,LL
AATACC,TATACC,6,716147.0378301213,275912.5216919506,False,False,LL
ACAACC,ACCACC,6,147765.8536585366,689918.4415584415,False,False,LL
ACAACC,GCAACC,6,147765.8536585366,664828.7781350482,False,False,LL
ACAAGACA,ACAAGACC,8,434665.7142857143,364189.3978383942,False,False,LL
ACACTCCA,ACACTCTA,8,805444.8256146369,907135.935397039,False,False,LL
ACAGTACC,ACAGTTCC,8,526100.7311129163,1082149.3018259937,False,False,LL
ACATCACG,CCATCACG,8,344351.222826087,1104843.0609597925,False,False,LL
ACCACC,ACCACG,6,689918.4415584415,634828.7002253945,False,False,LL
ACCACC,ACCACT,6,689918.4415584415,647345.2620967742,False,False,LL
ACCACC,ACCGCC,6,689918.4415584415,512593.1928687196,False,False,LL
ACCACG,ACCACT,6,634828.7002253945,647345.2620967742,False,False,LL
ACCCGC,ACTCGC,6,622352.7575442247,794250.7716049382,False,False,LL
ACCGAC,ACCGCC,6,818570.0404858299,512593.1928687196,False,False,LL
ACCGCC,CCCGCC,6,512593.1928687196,1101573.0994152045,False,False,LL
ACCTGGG,GCCTGGG,7,917653.7688442213,1038281.5315315316,False,False,LL
ACGAAA,CCGAAA,6,1147569.6594427244,1170368.7629310274,True,True,HH
ACGCCA,AGGCCA,6,646464.4303065356,449479.95889003086,False,False,LL
ACTCCC,ACTCGC,6,495468.45915201656,794250.7716049382,False,False,LL
ATAGGT,CTAGGT,6,754970.1417004048,746099.6963562754,False,False,LL
ATGTAC,CTGTAC,6,693078.1725888324,463005.4024851432,False,False,LL
CAAATAAA,CAACTAAA,8,1135312.5633232016,1120551.7482517485,False,False,LL
CAACAA,CAACAT,6,441283.70554177,284683.0835117773,False,False,LL
CAATCGCC,CAATCGGC,8,723982.2812846069,872654.802259887,False,False,LL
CACAGAG,CACAGGG,7,786779.2302106027,473661.7283950617,False,False,LL
CACAGAG,CACAGTG,7,786779.2302106027,832468.1952662722,False,False,LL
CACAGAG,TACAGAG,7,786779.2302106027,931296.7180174146,False,False,LL
CACAGGG,CACAGTG,7,473661.7283950617,832468.1952662722,False,False,LL
CACGTGGC,CATGTGGC,8,788059.8240469208,945250.2596053998,False,False,LL
CATCGC,CTTCGC,6,556012.486992716,400430.0736067298,False,False,LL
CCAACACG,CCATCACG,8,225232.29461756372,1104843.0609597925,False,False,LL
CCACAAA,CCACAAC,7,1716200.0000000002,925825.1445086704,True,False,HL
CCACAAA,CCACAAT,7,1716200.0000000002,1033317.0731707318,True,False,HL
CCACAAA,CCACGAA,7,1716200.0000000002,1232677.3618538324,True,True,HH
CCACAAC,CCACAAT,7,925825.1445086704,1033317.0731707318,False,False,LL
CCACAG,CCACCG,6,721324.4882486733,983585.3293413172,False,False,LL
CCACAG,CTACAG,6,721324.4882486733,865198.7921489682,False,False,LL
CCACCG,CCTCCG,6,983585.3293413172,1059197.7692433663,False,False,LL
CCACTTA,CCACTTT,7,1646742.3208191127,1741740.740740741,True,True,HH
CCATCACC,CCATCACG,8,747583.0280830282,1104843.0609597925,False,False,LL
CCCAAG,CCCGAG,6,985012.599469496,945461.1683848796,False,False,LL
CCCATGC,CCGATGC,7,1023924.623115578,637140.3614457832,False,False,LL
CCCCCA,CCCTCA,6,1218244.4903581268,1038974.376731302,True,False,HL
CCCGAG,CCTGAG,6,945461.1683848796,795711.7706237425,False,False,LL
CCCTCA,GCCTCA,6,1038974.376731302,1189370.8655876142,False,True,HL
CCGAAA,CCGAGA,6,1170368.7629310274,994338.5269121814,True,False,HL
CCGAGA,CCGTGA,6,994338.5269121814,821835.736354274,False,False,LL
CCGAGA,CTGAGA,6,994338.5269121814,1430531.7679558012,False,True,HL
CCGTGA,CTGTGA,6,821835.736354274,330354.3793834129,False,False,LL
CCTCCG,TCTCCG,6,1059197.7692433663,867205.6594239514,False,False,LL
CGCTAGC,CGCTAGG,7,1188725.8632840028,275111.8957088539,True,False,HL
CGGACT,TGGACT,6,932947.4885844748,263471.88002142473,False,False,LL
CGGCACG,CGGTACG,7,771294.8948948949,1001887.9408418656,False,False,LL
CGTTCA,CGTTCT,6,1071253.74251497,654564.6970830217,False,False,LL
CGTTCA,CTTTCA,6,1071253.74251497,1034264.188849824,False,False,LL
CTAACA,GTAACA,6,924861.2099644128,918947.924528302,False,False,LL
CTAGCT,CTAGGT,6,1643030.692362598,746099.6963562754,True,False,HL
CTAGGT,CTATGT,6,746099.6963562754,907462.888665998,False,False,LL
CTATGC,CTATGT,6,912968.75,907462.888665998,False,False,LL
CTGAGA,CTGTGA,6,1430531.7679558012,330354.3793834129,True,False,HL
CTGATAG,CTGATCG,7,1013195.2580195258,680947.4091260635,False,False,LL
CTGTAA,CTGTAC,6,917458.158995816,463005.4024851432,False,False,LL
CTGTAA,CTGTGA,6,917458.158995816,330354.3793834129,False,False,LL
CTTAGC,CTTCGC,6,782468.9092762488,400430.0736067298,False,False,LL
GAAAAA,GAAAAT,6,1314073.2217573223,992277.1595124536,True,False,HL
GCAACC,GCATCC,6,664828.7781350482,435224.3285939968,False,False,LL
GCACTA,GCACTT,6,875550.3597122303,993730.8641975308,False,False,LL
GCCAATC,GCTAATC,7,1328554.12371134,1624458.5921325053,True,True,HH
GCCACA,GCCTCA,6,860455.0345887779,1189370.8655876142,False,True,HL
GCCTCA,GCCTTA,6,1189370.8655876142,1781776.380153739,True,True,HH
GGCTCC,GGCTGC,6,1059863.888888889,653025.888324873,False,False,LL
GTATTGG,GTCTTGG,7,745986.3091842557,1050692.9503916448,False,False,LL
GTATTGG,GTTTTGG,7,745986.3091842557,1159006.2926061878,False,True,HL
GTCACG,GTCCCG,6,981748.7855655794,989414.4084600132,False,False,LL
GTCTTGG,GTTTTGG,7,1050692.9503916448,1159006.2926061878,False,True,HL
TCACCC,TCACTC,6,703195.6956956957,114505.43478260867,False,False,LL
TCCCAG,TCCCTG,6,767848.0620155039,802022.7272727273,False,False,LL
TGAACC,TGAACT,6,662473.9978331528,1001391.994478951,False,False,LL
TGAACT,TGGACT,6,1001391.994478951,263471.88002142473,False,False,LL
TGAGAC,TGTGAC,6,1103551.9390581718,841156.735102654,False,False,LL
TGTGAA,TGTGAC,6,899446.4464464465,841156.735102654,False,False,LL
TTAATC,TTGATC,6,1176718.0212014134,1202426.080892608,True,True,HH
TTGCCA,TTGCTA,6,1198536.8790767686,1180310.3448275863,True,True,HH
