spacer,norm,n,sd,od,cv,length,high_Q80,measured_hamming1_neighbors,high_neighbors,mds1,mds2
AAAAACGC,811153.7978656623,1,,1.593,,8,False,0,0,-1.3629430008215888,1.477207894942085
AAAAGCA,1102233.759318424,1,,1.878,,7,False,0,0,-0.942594678619426,0.08400621373910232
AAACCATA,1095122.4093264248,1,,1.544,,8,False,0,0,-0.7176253457256697,-1.0682631606613273
AAAGCCAG,1062584.0390136964,2,117813.12111627767,1.82,0.1108741678687676,8,False,0,0,-1.7195484976988185,-0.8754842659737742
AACACCCA,700105.4766763402,2,105091.08552088152,1.7705,0.150107503828977,8,False,1,0,-0.2004898804239709,-1.8034438016591314
AACACG,744016.1542470036,1,,1.919,,6,False,1,0,1.0453557325924596,-2.299718223528651
AACATCCA,1030226.634086744,1,,1.637,,8,False,1,0,-0.29970788508114227,-0.8489516262103688
AACCAGTG,1360934.2417061613,1,,1.688,,8,True,1,1,-1.4942104991127754,-1.0973802069226435
AACCAGTT,1292108.4548104955,1,,1.715,,8,True,1,1,-2.0757382977677654,-0.6537780443343221
AACCCAAG,158026.16926503342,1,,1.796,,8,False,0,0,-1.4852294589222153,-0.35935756810860936
AACCTACA,1296840.9090909092,1,,1.892,,8,True,0,0,-0.5077701900982426,-0.4038830859702886
AACCTGG,1164448.3290488431,1,,1.945,,7,True,0,0,1.799528348872385,1.9536545557062868
AACGCATC,1393922.6081657526,1,,1.641,,8,True,0,0,-1.607652178142809,1.6368895366541563
AAGAAAG,1032910.127431254,1,,1.491,,7,False,0,0,0.08566819034141221,1.7356525253787236
AAGAAGCG,1359765.7971014492,1,,1.725,,8,True,0,0,0.7028850856458053,-0.6886283241856292
AAGCCACC,1055654.755913437,1,,1.987,,8,False,1,0,-0.6787243917494542,0.20572012977088777
AAGCTACC,1013595.3538627768,1,,1.851,,8,False,1,0,-0.7287496891660078,1.140392155059359
AAGGACG,840545.8057395143,1,,1.812,,7,False,0,0,-1.2654854435262146,2.2868821721669974
AATACC,716147.0378301213,1,,1.401,,6,False,1,0,2.72068596627753,-1.360345909632473
AATCACC,215102.82258064515,1,,1.488,,7,False,0,0,-1.7108723930648768,0.16823125192116006
AATCAGGC,1005298.4108299,1,,1.699,,8,False,0,0,-2.651851702171034,1.1425657958007773
AATGACCG,944474.7474747476,1,,1.782,,8,False,0,0,-1.1965745945343849,-1.227655203576101
AATGTAAC,1042762.3011474552,2,128879.06279740926,1.8705,0.1235939030933423,8,False,0,0,-2.5921238449263875,3.132786956119263
ACAAACGA,795787.6241405654,1,,1.309,,8,False,0,0,-0.298846112502535,-0.9642105551323126
ACAAAG,754777.2692601068,1,,1.311,,6,False,0,0,-0.6376428545439141,-1.4356762199538693
ACAACC,147765.8536585366,1,,1.845,,6,False,2,0,1.2198755738972895,-1.8841046942276678
ACAAGACA,434665.7142857143,1,,1.75,,8,False,1,0,1.2527519248920118,-0.6311133487350008
ACAAGACC,364189.3978383942,1,,1.943,,8,False,1,0,0.7806856281102581,1.1125892035362202
ACAAGCC,761699.8806682578,1,,1.676,,7,False,0,0,-0.43055674580538256,-1.7385278668455941
ACACACA,166979.8245614035,1,,1.14,,7,False,0,0,-2.7029874194299928,-0.24609886741451967
ACACTCCA,805444.8256146369,1,,1.749,,8,False,1,0,-0.28798913585137864,-2.3460150722412068
ACACTCTA,907135.935397039,1,,1.486,,8,False,1,0,-1.1442712576430296,-2.044959189499589
ACAGATC,739569.6389093589,1,,1.357,,7,False,0,0,-1.459335509749006,-1.9623406403342363
ACAGTACC,526100.7311129163,1,,1.231,,8,False,1,0,0.22229173784908288,1.5390542551557354
ACAGTTCC,1082149.3018259937,1,,1.862,,8,False,1,0,-0.02994600471563744,0.7401798620097725
ACATCACG,344351.222826087,1,,1.472,,8,False,1,0,1.5335173672316282,-1.3947462629969218
ACCACC,689918.4415584415,1,,1.925,,6,False,4,0,0.7293908439841406,-2.670082923900635
ACCACG,634828.7002253945,1,,1.331,,6,False,3,0,-0.3431748796722755,-2.918939351676644
ACCACT,647345.2620967742,1,,1.984,,6,False,2,0,0.013606141516259595,-2.7822384507568443
ACCATGGC,716775.1479289941,1,,1.69,,8,False,0,0,-0.4606311161429581,1.771928211946377
ACCCCAC,944960.4519774012,1,,1.593,,7,False,0,0,0.8783614001399235,-1.5622190725189482
ACCCCGAC,885001.6111707841,1,,1.862,,8,False,0,0,-2.241454981298348,-0.1391624488168719
ACCCCTG,955956.805625314,1,,1.991,,7,False,0,0,1.2421325522475486,0.44752422264775676
ACCCGC,622352.7575442247,1,,1.922,,6,False,1,0,-0.8294967233614404,-1.5463507753269
ACCGAC,818570.0404858299,1,,1.235,,6,False,1,0,-0.5910998314300899,-1.6200762549582977
ACCGCC,512593.1928687196,1,,1.234,,6,False,3,0,0.3024117868820748,-2.2917006569564653
ACCGTCAT,349577.8316172017,1,,1.651,,8,False,0,0,-2.284683590144353,-0.13853685673323374
ACCTAAC,1186275.4601226994,1,,1.63,,7,True,0,0,0.7416690231634474,-1.1915344931489822
ACCTCATC,670240.7512805919,1,,1.757,,8,False,0,0,-0.6203268968030953,0.7033018436494772
ACCTCTCG,883830.5084745763,1,,1.829,,8,False,0,0,0.8393688558163349,-2.2801570000044142
ACCTGGG,917653.7688442213,1,,1.99,,7,False,1,0,2.495708142345725,0.9449009895796505
ACGAAA,1147569.6594427244,1,,1.938,,6,True,1,1,-1.2059515247082417,-0.5448431101958293
ACGACACC,352102.05831903947,1,,1.166,,8,False,0,0,0.8131304096830001,0.45745060100884066
ACGACCC,416978.0585106383,1,,1.504,,7,False,0,0,-0.3632845893121903,-1.5166771451798868
ACGCCA,646464.4303065356,1,,1.729,,6,False,1,0,-1.1296070737055823,-0.8950682962250597
ACGGGCAC,647050.3282275711,1,,1.828,,8,False,0,0,-2.8152316172488883,0.7172043249046005
ACGGGT,700442.2028353326,1,,1.834,,6,False,0,0,-1.039736141693136,-0.4441055829165104
ACGTTACA,843564.8984198646,1,,1.772,,8,False,0,0,0.8830368992512682,-0.5234976515217079
ACTCCAAC,871552.8781793842,1,,1.494,,8,False,0,0,-2.102328453379362,0.5880007243094412
ACTCCACG,755600.7194244604,1,,1.39,,8,False,0,0,0.2396530817716038,-1.9244365305282158
ACTCCC,495468.45915201656,1,,1.934,,6,False,1,0,0.5124912723448845,-1.7047980944967185
ACTCGC,794250.7716049382,1,,1.296,,6,False,2,0,-0.25527908976636954,-0.831866916809861
ACTGATAC,865470.630372493,1,,1.396,,8,False,0,0,-2.725793070771439,1.3634908113049469
ACTTAAAG,1162794.101583834,1,,1.831,,8,True,0,0,-0.9769961131821688,0.15995080419548413
ACTTGCG,973713.4464751958,1,,1.532,,7,False,0,0,0.02682924980962874,1.546927142138926
AGAAAAAA,1211960.48024012,1,,1.999,,8,True,0,0,-0.9801924514148516,0.07951267845957681
AGAACACG,821186.6404715128,1,,1.527,,8,False,0,0,1.3596113001394994,-1.4414127301461699
AGAATGT,1038738.6438446346,1,,1.519,,7,False,0,0,0.7408334350763275,-0.37660278599409713
AGACATGT,1373691.6923076925,1,,1.625,,8,True,0,0,-1.5995203561645872,-1.2001293675545366
AGAGACCT,1216409.1181763648,1,,1.667,,8,True,0,0,-1.2023871430866353,-1.800276785505961
AGATAGC,1206084.8806366047,1,,1.885,,7,True,0,0,-0.5570865193827084,-0.556563902741921
AGCACATC,1341017.605633803,1,,1.704,,8,True,0,0,-0.8499573545558738,0.6419924341900891
AGCACGC,236078.90365448507,1,,1.204,,7,False,0,0,2.681740663228293,-1.4424420882547078
AGCATAAG,998964.8293963254,1,,1.905,,8,False,0,0,-0.7329378896039128,0.4561332694859303
AGCCGAAC,854348.0148883375,1,,1.612,,8,False,0,0,-2.916554457636207,0.9035569865631069
AGCGGAT,1021684.6846846846,1,,1.554,,7,False,0,0,1.7029041483955119,0.07028282047593315
AGCTCCAA,1001518.8729399256,1,,1.881,,8,False,0,0,-2.39838260652704,-2.175210192516682
AGCTGG,770314.2857142857,1,,1.995,,6,False,0,0,-0.12735948135243558,-0.4078516488411784
AGGAAT,836546.4177598385,1,,1.982,,6,False,0,0,0.9774259971580639,-0.3077647243677446
AGGCAACG,1228435.7848518111,1,,1.822,,8,True,0,0,-0.29390350092757683,-1.6975837766354787
AGGCCA,449479.95889003086,1,,1.946,,6,False,1,0,0.3769694277178893,-0.14356960944388691
AGGCCCGA,924874.5781777278,1,,1.778,,8,False,0,0,-2.015311685213435,-2.7576019078474574
AGGCCCTG,1046616.5919282512,1,,1.784,,8,False,0,0,-1.6165103828142655,-3.447388836308738
AGGCTTTA,1296978.5841760857,1,,1.681,,8,True,0,0,-1.6399116329787295,-1.8737126180882182
AGGGGCG,1145543.3455433457,1,,1.638,,7,True,0,0,-0.18704902208594096,2.2847425946529563
AGTCATGC,1067498.4391259106,1,,1.922,,8,False,0,0,-2.8345772466965715,0.19420471429050065
AGTCGCAA,1077412.455934195,1,,1.702,,8,False,0,0,-3.6439746252149123,-2.245754681464288
AGTCGCCC,1317072.4808485562,1,,1.697,,8,True,0,0,-2.4623768549816445,-1.3762081934277743
AGTTATG,485444.3804034582,1,,1.735,,7,False,0,0,0.06590199336452579,1.9223466872846948
AGTTCG,771297.6982097187,1,,1.955,,6,False,0,0,1.2901496811588289,-0.6889458176800949
AGTTTA,717664.1104294478,1,,1.956,,6,False,0,0,0.23221389021339567,0.9254038523588889
ATAAATAG,1250549.6083550914,1,,1.532,,8,True,0,0,-0.8402695730599223,-0.5108613803726104
ATAACGTA,1069785.180149558,1,,1.471,,8,False,0,0,-0.1293082763515767,-1.7898188827289148
ATACAAG,728617.469879518,1,,1.328,,7,False,0,0,-1.776978592059979,2.352341031873827
ATACCGG,871900.4905395935,1,,1.427,,7,False,0,0,-0.6669674582112421,1.888483743362232
ATAGGT,754970.1417004048,1,,1.976,,6,False,1,0,0.9675142234342895,0.9089550051171743
ATATGGCC,741513.1291028446,1,,1.828,,8,False,0,0,-0.6589396720892471,-0.025239070225576078
ATCCACCA,967562.5,1,,1.712,,8,False,0,0,-1.8646907313970238,-2.7920961834651177
ATCCCTCA,1144841.7861080484,1,,1.814,,8,True,0,0,-0.9272905044786052,-2.959682656814362
ATCCGCTG,1239257.68321513,1,,1.692,,8,True,0,0,-2.224397472646354,-2.632051557502157
ATCCGGG,647809.1922005571,1,,1.436,,7,False,0,0,1.6596707866393656,2.4013583939091796
ATCGCCAC,649943.9775910365,1,,1.428,,8,False,0,0,-3.3697515404683354,0.1487117605122111
ATCTCCCG,1270171.8362282878,1,,1.612,,8,True,0,0,-0.296672829327969,-2.8926063563138857
ATCTGC,1111805.0909090908,1,,1.375,,6,False,0,0,1.1945277759972535,0.4480448078130336
ATGCACG,1185542.3051299134,1,,1.501,,7,True,0,0,-1.8163877076934951,3.0779782877156308
ATGCAGCA,820912.4629223109,2,74898.00039263154,1.6955,0.0912374994600608,8,False,0,0,-1.1607341045520192,-2.3468048480073107
ATGCGAAC,1309864.509051015,1,,1.823,,8,True,0,0,-2.7770562835458135,1.0548697737700439
ATGCGC,521405.82843277627,2,17085.282088811564,1.8855,0.0327677236370101,6,False,0,0,1.0543841642481064,0.8829300878094128
ATGTAC,693078.1725888324,1,,1.97,,6,False,1,0,1.363973617719501,1.249850425238296
ATTAGCCG,1084158.8738059325,1,,1.989,,8,False,0,0,-0.4527791798092148,-2.128437845913246
ATTGACAA,1142007.6796489304,1,,1.823,,8,False,0,0,-3.6830053627777013,-1.0984776300774828
ATTGGG,650813.0892956185,1,,1.803,,6,False,0,0,0.5475652715422749,0.6750269269239562
ATTTCC,1568230.9482257126,1,,1.719,,6,True,0,0,2.56084125061006,0.30206119579556706
ATTTCCT,1100785.4356306891,1,,1.538,,7,False,0,0,-1.0105672045028544,1.21686435280325
CAAAGAGC,909750.2890173412,1,,1.73,,8,False,0,0,1.5652383999576502,3.347732987429697
CAAATAAA,1135312.5633232016,1,,1.974,,8,False,1,0,1.5665857460993344,1.9216825700141633
CAACAA,441283.70554177,1,,1.209,,6,False,1,0,-0.9326044117480563,1.790119219373726
CAACAACC,551515.93323217,1,,1.318,,8,False,0,0,1.088754000157534,1.4285501708233146
CAACAT,284683.0835117773,1,,1.868,,6,False,1,0,-0.32040587004701815,1.2219055770725649
CAACCCA,768733.0067360686,1,,1.633,,7,False,0,0,-2.774337163247799,-0.3805113988263997
CAACTAAA,1120551.7482517485,1,,1.43,,8,False,1,0,0.3803958438676425,1.015438591195395
CAACTTCG,981481.0289389068,1,,1.555,,8,False,0,0,2.2218863965221285,-0.6652494210896113
CAAGACC,770321.0332103322,1,,1.355,,7,False,0,0,-2.6441940042215,-1.3676351344700106
CAAGCA,959662.2107969152,1,,1.945,,6,False,0,0,0.1620121299025884,1.0041544768653394
CAAGTGC,846963.2034632034,1,,1.848,,7,False,0,0,-0.7340216375279561,-1.5502680374565108
CAATCGCC,723982.2812846069,1,,1.806,,8,False,1,0,1.8277037157689267,0.6890103418886592
CAATCGGC,872654.802259887,1,,1.77,,8,False,1,0,1.1229662474186648,1.6603606343405464
CACACTGG,824548.0263157894,1,,1.52,,8,False,0,0,2.046531381537331,0.2829422420466038
CACAGAG,786779.2302106027,1,,1.377,,7,False,3,0,1.8001991406941624,0.4117517419367345
CACAGGG,473661.7283950617,1,,1.215,,7,False,2,0,2.4016927379369735,0.4147216279737388
CACAGTG,832468.1952662722,1,,1.352,,7,False,2,0,1.9088862100085255,0.2005844545741188
CACATACA,1195219.2144373674,1,,1.884,,8,True,0,0,2.4722104421821203,1.0012747935588846
CACCCCAA,937908.1632653062,1,,1.47,,8,False,0,0,-0.9514266822818582,-1.1402791450314045
CACCTACT,735723.7026647966,1,,1.426,,8,False,0,0,1.4623682335037744,0.6142373896178339
CACGCCCT,703629.179331307,1,,1.974,,8,False,0,0,0.8314760745601144,-0.8017207514003399
CACGCCG,261320.07233273052,1,,1.659,,7,False,0,0,0.24287137438284453,0.6484405191068343
CACGTGGC,788059.8240469208,1,,1.705,,8,False,1,0,0.0437271440508618,3.052741917253847
CACGTT,737811.9959677419,1,,1.984,,6,False,0,0,-0.5916337561109593,0.40488760391725814
CACTCACA,871477.5485436894,1,,1.648,,8,False,0,0,2.1024958741653754,-0.22465494057945182
CACTGA,1319301.5726179464,1,,1.081,,6,True,0,0,-1.0549308503608532,1.6040427148370378
CACTTCAC,1098680.7017543858,1,,1.995,,8,False,0,0,-0.7911907884869699,2.154328529757082
CAGAAAT,729843.2392273402,1,,1.346,,7,False,0,0,-0.8100396987884267,-0.5873202024209856
CAGAACCC,1187539.1363022942,1,,1.482,,8,True,0,0,1.0046441667679527,0.9813703821912717
CAGCCATC,1143701.2358946805,1,,1.861,,8,True,0,0,0.41683133467905803,1.2564997824456203
CAGCCC,549282.3790994998,1,,1.799,,6,False,0,0,0.9123217812352882,0.4697458678439076
CAGGAAGG,1181868.8436830835,1,,1.868,,8,True,0,0,1.2681213764527024,1.7504809855135415
CAGGAC,1070929.648241206,1,,1.393,,6,False,0,0,0.3554537207408863,1.408352093290187
CAGTCCG,1044550.7452093684,1,,1.409,,7,False,0,0,-0.9533304135211854,1.5736075960732074
CATCCGAA,827956.8541780448,1,,1.831,,8,False,0,0,-0.635566396990776,-0.6667544145928845
CATCGC,556012.486992716,1,,1.922,,6,False,1,0,0.46769968680130064,1.2258890117023116
CATGTGGC,945250.2596053998,1,,1.926,,8,False,1,0,-0.09868679082275848,3.026090854705215
CCAACACG,225232.29461756372,1,,1.412,,8,False,1,0,3.821329999051653,-0.42477106856939667
CCAACCC,803529.3691080493,1,,1.379,,7,False,0,0,-1.3104264907028793,-2.848979697033638
CCAAGTGG,801273.0356133409,1,,1.769,,8,False,0,0,2.7175586734642607,0.18914093304112536
CCACAAA,1716200.0000000002,1,,1.15,,7,True,3,1,-2.373533595728579,-1.1835044477722898
CCACAAC,925825.1445086704,1,,1.384,,7,False,2,1,-1.986018364411171,-1.9940413277068685
CCACAAT,1033317.0731707318,1,,1.23,,7,False,2,1,-1.9564037693089633,-1.1788432076181008
CCACAG,721324.4882486733,1,,1.319,,6,False,2,0,-1.9943885001175605,0.2791365281001349
CCACCG,983585.3293413172,1,,1.336,,6,False,2,0,-1.1628289204964513,-0.5432790478960124
CCACCGTG,693685.64787914,1,,1.721,,8,False,0,0,1.7568662103330515,-1.7786847087904094
CCACGA,1110803.2945628085,2,86224.88816135167,1.338,0.0776239038751574,6,False,0,0,-2.1967804227063947,1.1464790498037998
CCACGAA,1232677.3618538324,1,,1.683,,7,True,1,1,-1.506716577790233,-1.141051297462466
CCACTTA,1646742.3208191127,1,,1.172,,7,True,1,1,-1.7505560891417158,-1.4018573419950549
CCACTTT,1741740.740740741,1,,1.053,,7,True,1,1,-1.3160186326523853,-1.3924172176500724
CCAGAAGA,653220.5882352941,1,,1.428,,8,False,0,0,1.5190543616620737,1.0393783914261872
CCAGAC,639744.3425060338,2,35814.527345324575,1.9485,0.0559825620419406,6,False,0,0,-0.7061575495124741,0.49441465641871807
CCAGGGG,773351.2084592144,1,,1.324,,7,False,0,0,-0.15733225344026353,-0.23958104329705804
CCAGTTC,1053578.1522370714,1,,1.721,,7,False,0,0,-1.173835677833497,-2.642631200274166
CCATCACC,747583.0280830282,1,,1.638,,8,False,1,0,2.5161667183961884,0.9115438191701435
CCATCACG,1104843.0609597925,1,,1.542,,8,False,3,0,3.4524129472335185,-0.7424651597365161
CCATCGC,1058232.8296703298,1,,1.456,,7,False,0,0,-0.533440157609022,-2.451463653788741
CCCAAG,985012.599469496,1,,1.508,,6,False,1,0,-1.7018193999520828,-0.8966315341023309
CCCAATCT,1356279.4029850746,1,,1.675,,8,True,0,0,2.4441877116926682,-0.25777407166029653
CCCATGC,1023924.623115578,1,,1.393,,7,False,1,0,1.9583067952259097,-2.6733905732089185
CCCCAAGC,1458436.61971831,1,,1.704,,8,True,0,0,0.3281538374793536,1.9000162053589795
CCCCCA,1218244.4903581268,1,,1.452,,6,True,1,0,-1.8852828317006838,-0.5558226901911333
CCCCCGTT,981586.3409217102,1,,1.801,,8,False,0,0,0.8742722298373836,-1.3769586002714158
CCCCGCGT,760743.5294117647,1,,1.7,,8,False,0,0,-0.0014026226690988751,-0.8541293249410205
CCCCGTGC,864809.1773922776,1,,1.787,,8,False,0,0,0.10461712020677248,1.0710319685996805
CCCGAG,945461.1683848796,1,,1.455,,6,False,2,0,-2.2842731095607225,-0.4248555928945441
CCCGCC,1101573.0994152045,1,,1.368,,6,False,1,0,-0.3027297043163603,-1.0190106010160134
CCCGCTC,1787362.2572815537,1,,1.648,,7,True,0,0,0.6604237510604504,-2.947812181100439
CCCGTA,1161702.8169014086,1,,1.42,,6,True,0,0,-2.508211646117438,0.216105057785746
CCCTCA,1038974.376731302,1,,1.444,,6,False,2,2,-1.533279422979531,-0.10737757276013449
CCCTGC,835500.2539360081,1,,1.969,,6,False,0,0,-1.0528634917137452,0.22510566336171228
CCCTTCG,383811.575562701,1,,1.555,,7,False,0,0,0.5534102851092464,0.36165911034784526
CCCTTT,1130352.554744525,1,,1.37,,6,False,0,0,-1.8260235358410815,0.05586532291522674
CCGAAA,1170368.7629310274,2,404610.2121741683,1.582,0.3457117320534749,6,True,2,1,-1.7786731958026,0.7007112461320063
CCGAGA,994338.5269121814,1,,1.412,,6,False,3,2,-1.6526507747426533,0.8248062540639711
CCGATCCA,920194.2297784648,1,,1.941,,8,False,0,0,2.4365584188821963,-0.997888577868755
CCGATGC,637140.3614457832,1,,1.66,,7,False,1,0,0.5127666504070126,-2.1672455030068303
CCGCCACA,906783.8150289018,1,,1.73,,8,False,0,0,2.0324028312531004,-1.3974206240497111
CCGCCAGT,1105614.2932212297,1,,1.903,,8,False,0,0,1.430610646491776,0.010857744761540392
CCGCCATG,1254974.9498997997,1,,1.996,,8,True,0,0,1.806883710532376,-0.9961737958374304
CCGCCCAG,1282708.7053571427,1,,1.792,,8,True,0,0,0.2158931843857885,-1.840791632950028
CCGCTGAC,708463.7893196781,1,,1.367,,8,False,0,0,-0.13107398302519935,1.4553986947943567
CCGTAAAA,904247.564469914,1,,1.745,,8,False,0,0,0.8686631483735724,0.7202878006071318
CCGTAGCA,1123318.257956449,1,,1.791,,8,False,0,0,2.218207066571287,-1.0634992833650136
CCGTGA,821835.736354274,1,,1.942,,6,False,2,0,-2.148495025131389,1.735292515265554
CCTAGCCG,1091908.7893864014,1,,1.809,,8,False,0,0,2.1654852892324543,-1.310864496760063
CCTCAA,811668.1415929203,1,,1.808,,6,False,0,0,-2.2277810721154117,0.9700509367809649
CCTCCG,1059197.7692433663,2,79798.982591163,1.3805,0.0753390772793706,6,False,2,0,-1.1607150597658975,-0.6131103781330169
CCTCGATA,293105.8951965065,1,,1.832,,8,False,0,0,0.6045237881139858,-0.4786071463211355
CCTCTT,727962.9242819843,1,,1.915,,6,False,0,0,-1.6330890011194445,0.3158707649646788
CCTGAG,795711.7706237425,1,,1.988,,6,False,1,0,-1.7508157695418116,0.2730257243019984
CCTGGT,756401.2066365007,1,,1.989,,6,False,0,0,-1.3069299244605452,0.5865293175063092
CCTTCTC,570996.2779156327,1,,1.612,,7,False,0,0,-0.4024324764384175,-2.4071303673285427
CGAAATG,1096584.7338935577,1,,1.428,,7,False,0,0,-0.6722192999921404,-0.04438832443673972
CGAAGCC,1320625.0,1,,1.64,,7,True,0,0,-0.8315972255349336,-1.7577300939151905
CGAAGGCG,1219078.9133247088,1,,1.546,,8,True,0,0,2.727141474149964,-1.0419493400734303
CGACAAAC,1048711.549295775,1,,1.775,,8,False,0,0,-0.6286583758761162,1.5368991315425753
CGACATCC,680502.0661157025,1,,1.452,,8,False,0,0,0.6418438037949803,-0.18754896659303266
CGACGTTT,1145909.4260136914,1,,1.899,,8,True,0,0,0.4263460183052947,-1.2423036142215518
CGAGTA,1178831.957989497,1,,1.333,,6,True,0,0,-0.6177826663108267,1.886955547991032
CGATCCAG,1153213.7362637362,1,,1.82,,8,True,0,0,0.5593365182888956,-1.617205362605148
CGATTATG,634432.6824254883,1,,1.946,,8,False,0,0,2.2614018021029176,0.20691599234299948
CGCAAACG,861948.2378854625,1,,1.816,,8,False,0,0,2.3209280369543754,-0.15662034875374542
CGCAATA,222846.43848288624,1,,1.081,,7,False,0,0,0.5032153707401745,-1.369446393439634
CGCACAC,794483.4054834056,1,,1.386,,7,False,0,0,1.4308527409854561,-2.3209449219525564
CGCACGCA,894304.0901007706,1,,1.687,,8,False,0,0,1.9793443915460462,-1.6109841314097515
CGCCCC,803603.1664964249,1,,1.958,,6,False,0,0,0.8095270466102995,-0.41268993144403915
CGCCCTCG,609797.147385103,1,,1.893,,8,False,0,0,1.3626063946336242,-2.4966747889596506
CGCCGAGG,535611.2376613516,1,,1.317,,8,False,0,0,0.633178146353417,-0.1753802748127575
CGCCTGCA,1021122.9020032486,1,,1.847,,8,False,0,0,0.8785140801267178,-1.4943102981547602
CGCCTTG,1300933.471933472,1,,1.443,,7,True,0,0,1.0025751418673974,0.7518942119578884
CGCGATC,665504.2180402336,1,,1.541,,7,False,0,0,0.1919462895430547,-1.8135482910180054
CGCGCT,123200.33296337402,1,,1.802,,6,False,0,0,0.3558304592314768,-0.31306824815114587
CGCTAGC,1188725.8632840028,1,,1.419,,7,True,1,0,0.9939274641523959,-1.19451526335639
CGCTAGG,275111.8957088539,1,,1.841,,7,False,1,1,1.3089244762472896,0.9911455707429891
CGGAATCA,884827.1745309836,1,,1.759,,8,False,0,0,1.9502549550983237,-1.128186590131023
CGGACT,932947.4885844748,1,,1.314,,6,False,1,0,1.048846836209876,0.2308961872059508
CGGAGCAA,1010247.678018576,1,,1.615,,8,False,0,0,-0.09183989920761736,-0.7923108784692776
CGGCACG,771294.8948948949,1,,1.665,,7,False,1,0,-1.7853589782592576,1.6189818171555397
CGGCGC,349803.03030303033,1,,1.65,,6,False,0,0,0.24307187989239432,1.5087083369525982
CGGTACG,1001887.9408418656,1,,1.758,,7,False,1,0,-1.3088503628909647,1.6247050157376373
CGGTGTA,1074544.2690459848,1,,1.457,,7,False,0,0,-0.49586272042456414,-0.016979192089112274
CGTAGCGC,1237432.854465959,1,,1.601,,8,True,0,0,-0.21354078152775102,1.1242192062752923
CGTAGCT,818507.7951002227,1,,1.347,,7,False,0,0,-0.07341442660136381,-0.5997311202327079
CGTATCCA,1415455.958549223,1,,1.544,,8,True,0,0,1.3462391041643174,-1.2593944071447845
CGTGGCAC,933504.6632124352,1,,1.93,,8,False,0,0,-1.9256138106013085,1.149521051900178
CGTTCA,1071253.74251497,1,,1.336,,6,False,2,0,0.38825436886783876,1.442835502913835
CGTTCT,654564.6970830217,1,,1.337,,6,False,1,0,1.0187252128000035,0.9070763279170841
CTAACA,924861.2099644128,1,,1.967,,6,False,1,0,0.8907838537617275,1.2631180173586702
CTAAGTG,1160180.16194332,1,,1.482,,7,True,0,0,-0.31302184631757524,0.5916350094853927
CTACAG,865198.7921489682,1,,1.987,,6,False,1,0,-0.4465988000244825,1.8078953196928587
CTACCCCT,1143202.2175290391,1,,1.894,,8,False,0,0,0.9683803842571933,-2.534443056893381
CTAGACA,892831.6151202748,1,,1.455,,7,False,0,0,-3.4790553349931406,-0.09018322673193586
CTAGCAAG,1165533.1179321487,1,,1.857,,8,True,0,0,0.8645247702801812,0.3554598366628346
CTAGCCGT,1181610.4938271604,1,,1.62,,8,True,0,0,0.40282641075764086,-0.7042379020673084
CTAGCT,1643030.692362598,1,,1.401,,6,True,1,0,1.0218996635644717,1.1681351694774547
CTAGGT,746099.6963562754,1,,1.976,,6,False,3,1,0.18799392877149745,2.1699769337418378
CTAGTCGC,932775.2873563218,1,,1.74,,8,False,0,0,-0.15320598523221768,1.6660030482019887
CTATCG,483108.7645195354,1,,1.894,,6,False,0,0,0.7191650525950962,1.3565395941080047
CTATGC,912968.75,1,,1.856,,6,False,1,0,1.032617090262162,2.447762333942046
CTATGT,907462.888665998,1,,1.994,,6,False,2,0,0.30463864597632,2.556675504883789
CTATTA,1165732.8571428573,1,,1.4,,6,True,0,0,-0.3519831034487626,2.9273526190131407
CTCCGATA,754942.6751592356,1,,1.727,,8,False,0,0,0.15013005210111138,-0.6315332613387866
CTCCGCAC,1042643.5064935064,1,,1.54,,8,False,0,0,-1.862834511154673,0.3914059137547618
CTCGCA,209506.42817216323,1,,1.789,,6,False,0,0,-0.08133841161606604,0.9723484780647415
CTCTTCC,1092109.182530795,1,,1.786,,7,False,0,0,-0.12377453833079115,-0.4304066312610197
CTGAATGC,804548.469387755,1,,1.568,,8,False,0,0,0.7153319142535511,1.8952544269892506
CTGAGA,1430531.7679558012,1,,1.448,,6,True,2,0,-0.12690300865980988,2.3385258299603064
CTGATACC,640422.2222222222,1,,1.755,,8,False,0,0,2.141760038404716,1.913251702259742
CTGATAG,1013195.2580195258,1,,1.434,,7,False,1,0,-0.09961234808486653,1.3238988184777596
CTGATCG,680947.4091260635,1,,1.293,,7,False,1,0,-0.7250561459112138,1.555863414219066
CTGTAA,917458.158995816,1,,1.434,,6,False,2,0,-0.729133954427209,3.1298716995491347
CTGTAC,463005.4024851432,1,,1.851,,6,False,2,0,0.6367305290404349,2.462629182825182
CTGTATT,1330601.5169194867,1,,1.714,,7,True,0,0,-1.5328884088647898,0.5587875664935372
CTGTGA,330354.3793834129,2,115097.32487559892,1.463,0.3484056275882322,6,False,3,1,-0.6094531982550445,3.2340915689058067
CTGTTG,755506.7406819984,1,,1.261,,6,False,0,0,-0.5321308732868829,2.3378159026897585
CTTAGC,782468.9092762488,1,,1.962,,6,False,1,0,1.4919233028522654,1.5036285146425565
CTTCGC,400430.0736067298,1,,1.902,,6,False,2,0,0.6484537807063817,1.9571678242614137
CTTCTAA,1572010.7095046854,1,,1.494,,7,True,0,0,-1.6896363995578356,0.49363039680451903
CTTGATA,1075088.1355932204,1,,1.77,,7,False,0,0,-2.135368203324322,-0.16788472639250643
CTTGTATA,1171582.224587547,1,,1.879,,8,True,0,0,0.4036426595396481,0.6599457068511217
CTTGTC,981605.755637689,2,273452.2574615379,1.372,0.2785764609579869,6,False,0,0,0.9236788117393847,1.8619794211955822
CTTTAGC,819997.1862689927,1,,1.777,,7,False,0,0,-0.8367150961011262,-0.449484728589391
CTTTCA,1034264.188849824,1,,1.991,,6,False,1,0,0.5299227807018115,2.07523826042458
GAAAAA,1314073.2217573223,1,,1.434,,6,True,1,0,0.14934289229156025,0.0007403411235912563
GAAAAT,992277.1595124536,1,,1.887,,6,False,1,1,0.7902109765185028,-0.6196338046401167
GAAGAAAA,1132511.4155251142,1,,1.752,,8,False,0,0,-0.7958416073117998,1.7532290751252866
GACAAAG,1107918.704560476,1,,1.513,,7,False,0,0,1.9065037242650402,1.25684303925768
GACACC,704649.4370522007,1,,1.954,,6,False,0,0,1.7587181297229504,-2.188240431545213
GACACGCC,808658.2411795682,1,,1.899,,8,False,0,0,0.7883913411079061,1.0866476866257642
GACGCT,822389.8916967509,1,,1.108,,6,False,0,0,0.5778195735124956,-1.8098762959908352
GACTTC,1136327.6595744682,1,,1.41,,6,False,0,0,0.6289420000777304,-0.6260527676792377
GAGTTA,1066683.7307152876,1,,1.426,,6,False,0,0,-0.5080663858966584,1.0348411844505154
GATCAACC,1127787.5143184422,1,,1.746,,8,False,0,0,-0.5161321575390669,1.5857423438941531
GATGTC,1255681.334279631,1,,1.409,,6,True,0,0,1.0930778614646914,-0.36260500706971777
GATTAA,1178950.660180681,1,,1.439,,6,True,0,0,-0.29681969953374354,0.8835804969864438
GCAACC,664828.7781350482,1,,1.244,,6,False,2,0,0.8617538026067503,-2.0223607427877255
GCACGGCA,899719.5685670262,1,,1.947,,8,False,0,0,0.8933573878581721,-1.6933016139060975
GCACTA,875550.3597122303,1,,1.39,,6,False,1,0,-1.9477460024268385,-0.3939284796195487
GCACTT,993730.8641975308,1,,1.215,,6,False,1,0,-1.327765008539437,-1.0517864088064552
GCAGAGAT,929949.1066594478,1,,1.847,,8,False,0,0,-0.5579704184675472,0.8221975875818499
GCAGATAC,699338.0703066568,1,,1.337,,8,False,0,0,-1.0227736027689591,2.11622728810393
GCAGTC,867361.167002012,1,,1.988,,6,False,0,0,-0.37264000931404573,-0.9622912893507185
GCATCC,435224.3285939968,1,,1.899,,6,False,1,0,0.5105814076859506,-1.1276788947422196
GCCAATC,1328554.12371134,1,,1.94,,7,True,1,1,1.622368510107597,-2.0615293685645555
GCCACA,860455.0345887779,1,,1.301,,6,False,1,1,-0.8886455555262123,-2.2816261113067036
GCCAGAAG,1079961.3848202396,1,,1.502,,8,False,0,0,0.6569711479418687,1.0452712856029238
GCCAGGT,193739.8753894081,1,,1.284,,7,False,0,0,3.28893285174217,-1.1471024493293742
GCCATATG,1142085.1287440883,1,,1.903,,8,False,0,0,1.8320568323591215,0.9231908762056891
GCCATG,1079610.325318246,1,,1.414,,6,False,0,0,-1.4748435979509584,-2.4639871554713517
GCCGAGG,892444.6529080676,1,,1.599,,7,False,0,0,1.7554563339374247,0.5065494232310217
GCCGGG,951369.6437790396,1,,1.937,,6,False,0,0,-1.9582014144538045,-1.6987101851764563
GCCTACC,987261.6507580013,1,,1.781,,7,False,0,0,0.45710701035204343,-0.9886790845676763
GCCTCA,1189370.8655876142,1,,1.421,,6,True,3,1,-1.2843051619977488,-1.4117762659308193
GCCTGGG,1038281.5315315316,1,,1.776,,7,False,1,0,2.919744453803747,0.9200668597655773
GCCTTA,1781776.380153739,1,,1.431,,6,True,1,1,-2.1350313844325552,-0.7344378221124701
GCGAAGGC,939786.6161616162,1,,1.584,,8,False,0,0,0.39325505491351676,2.1535206054620897
GCGAGG,819280.1906779661,1,,1.888,,6,False,0,0,-1.1418651900141137,-1.2700559019226876
GCGCACG,716953.7037037037,1,,1.188,,7,False,0,0,-1.0118232334409434,1.646990354313634
GCGCAG,651040.306122449,1,,1.96,,6,False,0,0,-2.1054837393510626,-1.0378581579884127
GCGCCGCC,837632.5492689129,1,,1.573,,8,False,0,0,0.3990570103802604,-0.4954922768629194
GCGCGA,878090.1722391085,1,,1.974,,6,False,0,0,-2.1839779997391435,-0.03572268308106723
GCGGCT,887444.7004608294,1,,1.302,,6,False,0,0,-0.565564672709279,-1.517998004596848
GCGGGTG,771129.491017964,1,,1.336,,7,False,0,0,0.7713145326620139,0.9750128188990723
GCTAATC,1624458.5921325053,1,,1.932,,7,True,1,1,0.35538612117570084,-1.9293018338332655
GCTATGC,743727.0942408377,1,,1.528,,7,False,0,0,1.672212425465146,-1.7478803148386572
GCTCCATT,993201.430274136,1,,1.678,,8,False,0,0,-0.07763119861345534,-0.6117931116551446
GCTGGA,1114132.8928046988,1,,1.362,,6,False,0,0,-1.5966092143681547,-0.19118674163971056
GGACCAAC,482937.1859296483,1,,1.194,,8,False,0,0,-1.2122611749338053,0.9461620792589777
GGAGAGCG,954124.4239631336,1,,1.736,,8,False,0,0,0.7796361824669612,-0.981354819236856
GGCAATT,1129676.8990634757,1,,1.922,,7,False,0,0,1.9580027122441646,-0.41394627744650586
GGCATCC,999018.1708055724,1,,1.651,,7,False,0,0,1.8694762160284508,-0.8438096429503106
GGCCGCG,1014848.1238832638,1,,1.679,,7,False,0,0,1.483911956343865,2.152278090073434
GGCTCC,1059863.888888889,1,,1.44,,6,False,1,0,1.5546051577282542,-1.264122003775666
GGCTGC,653025.888324873,1,,1.97,,6,False,1,0,0.7919789994764252,-0.32039815044697967
GGGCTAG,1030000.0,1,,1.423,,7,False,0,0,0.4529078669459599,2.4166675447815096
GGGGCCAC,794130.7113938692,1,,1.729,,8,False,0,0,-2.2749535303622515,0.5047016278563735
GGTTATGA,731470.9531866893,1,,1.773,,8,False,0,0,-0.6373298583292052,-0.42033184688885017
GTAACA,918947.924528302,1,,1.325,,6,False,1,0,1.237371921942136,0.03088542359899718
GTATACG,973196.1325966852,1,,1.448,,7,False,0,0,-1.5299867261841802,2.436530760856411
GTATTGG,745986.3091842557,1,,1.753,,7,False,2,1,0.2699560619221444,2.1628242696424405
GTCACG,981748.7855655794,1,,1.441,,6,False,1,0,0.9718556639724619,-1.537279621009994
GTCCCG,989414.4084600132,1,,1.513,,6,False,1,0,0.17103789857818621,-1.1980466663455598
GTCGGACC,749893.8172043011,1,,1.488,,8,False,0,0,-0.3437594310315147,1.785874280742646
GTCGTA,776263.5243706481,1,,1.867,,6,False,0,0,-0.6438102216350662,0.41210563101113323
GTCTTGG,1050692.9503916448,1,,1.915,,7,False,2,1,2.4190491169122152,2.255584866165983
GTGCACC,866546.7318265119,1,,1.637,,7,False,0,0,-1.8440245090731897,0.8262424718396338
GTTACC,933180.06103764,1,,1.966,,6,False,0,0,2.576162039070469,-0.6864551840783686
GTTCTTG,845688.9518413598,1,,1.765,,7,False,0,0,0.07007114397722577,2.418997791093663
GTTTTGG,1159006.2926061878,1,,1.907,,7,True,2,0,1.1115695710480358,2.621846896845509
TAAGCT,1319113.1541725602,1,,1.414,,6,True,0,0,1.6441178739208464,-0.6404738761837394
TAATACG,646634.8854397635,1,,1.353,,7,False,0,0,-1.5066963933732602,1.8561081689304497
TAATTAGC,1134221.8487394955,1,,1.785,,8,False,0,0,0.5420777659494026,3.5980552924093954
TACAGAG,931296.7180174146,1,,1.493,,7,False,1,0,2.5520807238847776,1.065486488716613
TACAGT,911088.0121396056,1,,1.977,,6,False,0,0,0.8841796860915226,-0.9917948901963978
TACATACC,896366.9676048858,1,,1.883,,8,False,0,0,1.134413569995516,2.7399676012922467
TACCAA,760212.3532414497,1,,1.959,,6,False,0,0,-0.6999834599315834,-0.19163911624137192
TACCAAGC,1137519.9550309165,1,,1.779,,8,False,0,0,-1.1193921010063104,2.6516207784918207
TACCAGC,853749.4894486044,1,,1.469,,7,False,0,0,0.958247194832319,-0.5745731599658962
TACGCCC,1470439.1005621487,1,,1.601,,7,True,0,0,0.5593655805406039,-1.0910176787138053
TACGCCGA,1194515.853658537,1,,1.64,,8,True,0,0,-0.9836737694968976,-0.1419645636406916
TAGATAAC,1364404.3778801844,1,,1.736,,8,True,0,0,-0.19252397320777587,3.719134648342562
TAGATGCC,841870.0964630225,1,,1.555,,8,False,0,0,1.0926753459752896,2.042440145154724
TATACC,275912.5216919506,2,13754.937957966482,1.5405,0.0498525325114585,6,False,1,0,2.853672207936332,-1.1943267655846384
TATAGAAC,1138506.6351123322,2,106569.70793839626,1.8225,0.0936048193762888,8,False,0,0,-0.903710972789443,3.497854773769365
TATCCGCT,732811.8131868133,1,,1.456,,8,False,0,0,0.06015738342923766,-1.02561467344019
TATCCT,520497.1634863332,1,,1.939,,6,False,0,0,1.4561921065651562,-0.7674319155161855
TATGCTGC,868792.4421883813,1,,1.773,,8,False,0,0,-1.0974823212138411,2.177203558766831
TATTCACC,1083674.3801652894,1,,1.815,,8,False,0,0,0.580118489646838,1.5829965721247883
TATTCTG,727294.8073701843,1,,1.791,,7,False,0,0,0.5837678624024548,1.474472087850538
TATTGG,1135175.451263538,1,,1.385,,6,False,0,0,0.6224369438490206,0.6105413706354126
TCAACTGG,778582.8908554572,1,,1.695,,8,False,0,0,2.1423925299751425,-0.23735322397429381
TCACCC,703195.6956956957,1,,1.998,,6,False,1,0,0.6900001226882633,-1.386129935863717
TCACTC,114505.43478260867,1,,1.84,,6,False,1,0,-0.1323228001021776,-0.7060003306088999
TCAGCCCG,450901.01757631823,1,,1.081,,8,False,0,0,1.3126492671580967,-1.650589556078393
TCAGCCG,919068.6930091184,1,,1.645,,7,False,0,0,-1.1406322141456537,0.10824920963330874
TCATTAAC,781183.7052413077,1,,1.927,,8,False,0,0,0.23653909175865684,2.9642730204205137
TCCACCC,835825.9430840503,1,,1.511,,7,False,0,0,1.2308337971664685,-2.233283089724475
TCCACTT,947884.6836191602,1,,1.691,,7,False,0,0,2.125178031765654,-2.015102854147676
TCCAGGTG,817224.7386759582,1,,1.722,,8,False,0,0,1.1886046021226415,-0.21883509525489658
TCCCAG,767848.0620155039,1,,1.935,,6,False,1,0,-1.7229374121802483,-1.6858845327057115
TCCCAGAC,1093899.6617812852,1,,1.774,,8,False,0,0,-1.7189095232701073,1.2875601446822769
TCCCTG,802022.7272727273,1,,1.98,,6,False,1,0,-1.738906795570869,-1.7676014057048162
TCCGGAGT,1105665.0511577814,1,,1.857,,8,False,0,0,0.062120847203844254,1.7379930031473452
TCCGGT,794741.9522326065,1,,1.926,,6,False,0,0,-1.0323908712687127,-1.2508208662030882
TCCTCAAA,1534929.0322580645,1,,1.395,,8,True,0,0,0.14881040694822764,0.2285398894008311
TCGACAAC,781883.7837837838,1,,1.48,,8,False,0,0,0.3875095534321863,2.159691194600718
TCGGGC,436690.36697247706,1,,1.308,,6,False,0,0,-0.08447388518117854,-0.3037674771014514
TCGGTCA,781543.4782608695,1,,1.518,,7,False,0,0,-1.442786084738118,-0.34575791532791333
TCGTCCCA,925750.4114097642,1,,1.823,,8,False,0,0,1.1157449851687296,-2.143920473184879
TCGTTT,1189745.182012848,1,,1.401,,6,True,0,0,-0.8048371162507946,-0.03428911089268607
TCTATGA,795546.5961665566,1,,1.513,,7,False,0,0,0.9614126862349689,-1.2190129714673483
TCTATTCG,949844.7204968944,1,,1.771,,8,False,0,0,2.2064916119563445,-0.21398779990002598
TCTCAT,575657.9634464752,1,,1.915,,6,False,0,0,-0.8013077115161047,-0.7171955609112269
TCTCCCCG,1011353.0644316396,1,,1.909,,8,False,0,0,0.35617076639620515,-2.5140999969240245
TCTCCG,867205.6594239514,1,,1.979,,6,False,1,0,-0.3138215743636629,-1.7385726389337044
TGAAAA,702795.5911823647,1,,1.996,,6,False,0,0,0.7038098646663637,0.38443519000019216
TGAAAAAT,1125298.633017876,1,,1.902,,8,False,0,0,0.10871602931949492,1.3153325650097343
TGAACC,662473.9978331528,1,,1.846,,6,False,1,0,2.933273845718321,-1.0392668645405903
TGAACT,1001391.994478951,1,,1.449,,6,False,2,0,2.187546021589968,-1.0567789531416383
TGACTGAT,407558.5429314831,1,,1.153,,8,False,0,0,-1.080014803780894,0.016465346391474203
TGACTGCC,1412977.1359807462,1,,1.662,,8,True,0,0,0.050176810211160355,0.38161705313096955
TGAGAC,1103551.9390581718,1,,1.444,,6,False,1,0,1.6320620687163268,0.22431786713971572
TGATGCAA,939623.5679214402,1,,1.833,,8,False,0,0,-1.1933288551635404,-0.9538405284659693
TGCATAAC,931129.8482293424,1,,1.779,,8,False,0,0,-0.6455851779835188,2.868632414741189
TGGACT,263471.88002142473,1,,1.867,,6,False,2,0,1.9438608565239197,-0.9061798414717469
TGGCAGCA,1280068.9655172413,1,,1.653,,8,True,0,0,-0.15177614334185574,-1.7307688361243492
TGTCCCCA,1143619.5949644223,1,,1.827,,8,True,0,0,-0.6963893025738281,-2.9272724682510636
TGTGAA,899446.4464464465,1,,1.998,,6,False,1,0,0.2436429831237397,0.8191017995431956
TGTGAC,841156.735102654,1,,1.997,,6,False,2,0,1.7279981028099023,0.1002388967054723
TTAACCG,603931.2612074118,1,,1.673,,7,False,0,0,-0.727384706951583,1.1944687629133628
TTAATC,1176718.0212014134,1,,1.415,,6,True,1,1,2.2745016327748813,0.38297615664849416
TTACCGCG,1204256.5191024863,1,,1.649,,8,True,0,0,1.050581855315742,-2.1082772320949505
TTAGGC,212022.03856749312,1,,1.089,,6,False,0,0,1.831286861129268,1.1030620820255004
TTCAAACT,1282274.0619902122,1,,1.839,,8,True,0,0,1.1266348590975446,0.5638671930073803
TTCCGGAC,735252.625437573,1,,1.714,,8,False,0,0,-2.42016715783922,1.1668070659719183
TTCCTC,867178.5714285715,1,,1.988,,6,False,0,0,0.9756736285609715,-0.08382995921172158
TTCCTTG,1031886.83127572,1,,1.458,,7,False,0,0,1.0769544883608122,1.8977050135832898
TTCGCGCC,1226990.0249376558,1,,1.604,,8,True,0,0,-0.3243708678931051,0.515152466328309
TTCGTACA,990758.4699453552,1,,1.83,,8,False,0,0,0.4573470738771714,0.43958939564191984
TTCTAA,1115173.9350912778,1,,1.972,,6,False,0,0,-0.03174753984153079,1.1724836402799736
TTGATC,1202426.080892608,1,,1.434,,6,True,1,1,1.9900878805348878,0.4412366128568667
TTGCAC,993078.5868781544,1,,1.387,,6,False,0,0,1.150384161870962,0.9702379620549155
TTGCCA,1198536.8790767686,1,,1.993,,6,True,1,1,0.709920047522309,0.8344387247464606
TTGCCTAG,1203616.2909836066,1,,1.952,,8,True,0,0,-0.8692552172135324,-1.3589431281919158
TTGCTA,1180310.3448275863,1,,1.363,,6,True,1,1,-0.2248991144799264,1.642782315728172
TTTCTCC,804521.3864306784,1,,1.356,,7,False,0,0,-1.4442018472028824,0.3185214743063792
