spacer,norm,n,sd,od,cv
AAAAACGC,811153.7978656623,1,,1.593,
AAAAGCA,1102233.759318424,1,,1.878,
AAACCATA,1095122.409326425,1,,1.544,
AAAGCCAG,1145890.495867769,1,,1.936,
AACACCCA,774416.095890411,1,,1.752,
AACACG,744016.1542470036,1,,1.919,
AACATCCA,1030226.634086744,1,,1.637,
AACCAGTG,1360934.241706161,1,,1.688,
AACCAGTT,1292108.454810495,1,,1.715,
AACCCAAG,158026.1692650334,1,,1.796,
AACCTACA,1296840.909090909,1,,1.892,
AACCTGG,1164448.329048843,1,,1.945,
AACGCATC,1393922.608165753,1,,1.641,
AAGAAAG,1032910.127431254,1,,1.491,
AAGAAGCG,1359765.797101449,1,,1.725,
AAGCCACC,1055654.755913437,1,,1.987,
AAGCTACC,1013595.353862777,1,,1.851,
AAGGACG,840545.8057395143,1,,1.812,
AATACC,716147.0378301213,1,,1.401,
AATCACC,215102.8225806452,1,,1.488,
AATCAGGC,1005298.4108299,1,,1.699,
AATGACCG,944474.7474747475,1,,1.782,
AATGTAAC,1133893.56040447,1,,1.879,
ACAAACGA,795787.6241405654,1,,1.309,
ACAAAG,754777.2692601068,1,,1.311,
ACAACC,147765.8536585366,1,,1.845,
ACAAGACA,434665.7142857143,1,,1.75,
ACAAGACC,364189.3978383942,1,,1.943,
ACAAGCC,761699.8806682578,1,,1.676,
ACACACA,166979.8245614035,1,,1.14,
ACACTCCA,805444.8256146369,1,,1.749,
ACACTCTA,907135.935397039,1,,1.486,
ACAGATC,739569.6389093589,1,,1.357,
ACAGTACC,526100.7311129163,1,,1.231,
ACAGTTCC,1082149.301825993,1,,1.862,
ACATCACG,344351.222826087,1,,1.472,
ACCACC,689918.4415584415,1,,1.925,
ACCACG,634828.7002253945,1,,1.331,
ACCACT,647345.2620967742,1,,1.984,
ACCATGGC,716775.1479289941,1,,1.69,
ACCCCAC,944960.4519774012,1,,1.593,
ACCCCGAC,885001.6111707841,1,,1.862,
ACCCCTG,955956.8056253139,1,,1.991,
ACCCGC,622352.7575442247,1,,1.922,
ACCGAC,818570.0404858299,1,,1.235,
ACCGCC,512593.1928687196,1,,1.234,
ACCGTCAT,349577.8316172017,1,,1.651,
ACCGTCG,826940.9368635438,1,,1.964,
ACCTAAC,1186275.460122699,1,,1.63,
ACCTCATC,670240.7512805919,1,,1.757,
ACCTCTCG,883830.5084745763,1,,1.829,
ACCTGGG,917653.7688442211,1,,1.99,
ACGAAA,1147569.659442724,1,,1.938,
ACGACACC,352102.0583190395,1,,1.166,
ACGACCC,416978.0585106383,1,,1.504,
ACGCCA,646464.4303065356,1,,1.729,
ACGGGCAC,647050.3282275711,1,,1.828,
ACGGGT,700442.2028353326,1,,1.834,
ACGTTACA,843564.8984198646,1,,1.772,
ACTCCAAC,871552.8781793842,1,,1.494,
ACTCCACG,755600.7194244604,1,,1.39,
ACTCCC,495468.4591520166,1,,1.934,
ACTCGC,794250.7716049382,1,,1.296,
ACTGATAC,865470.630372493,1,,1.396,
ACTTAAAG,1162794.101583834,1,,1.831,
ACTTGCG,973713.4464751958,1,,1.532,
AGAAAAAA,1211960.48024012,1,,1.999,
AGAACACG,821186.6404715128,1,,1.527,
AGAATGT,1038738.643844635,1,,1.519,
AGACATGT,1373691.692307692,1,,1.625,
AGAGACCT,1216409.118176365,1,,1.667,
AGATAGC,1206084.880636605,1,,1.885,
AGCACATC,1341017.605633803,1,,1.704,
AGCACGC,236078.9036544851,1,,1.204,
AGCATAAG,998964.8293963254,1,,1.905,
AGCCGAAC,854348.0148883375,1,,1.612,
AGCGGAT,1021684.684684685,1,,1.554,
AGCTCCAA,1001518.872939926,1,,1.881,
AGCTGG,770314.2857142857,1,,1.995,
AGGAAT,836546.4177598385,1,,1.982,
AGGCAACG,1228435.784851811,1,,1.822,
AGGCCA,449479.9588900309,1,,1.946,
AGGCCCGA,924874.5781777278,1,,1.778,
AGGCCCTG,1046616.591928251,1,,1.784,
AGGCTTTA,1296978.584176086,1,,1.681,
AGGGGCG,1145543.345543346,1,,1.638,
AGTCATGC,1067498.439125911,1,,1.922,
AGTCGCAA,1077412.455934195,1,,1.702,
AGTCGCCC,1317072.480848556,1,,1.697,
AGTTATG,485444.3804034582,1,,1.735,
AGTTCG,771297.6982097187,1,,1.955,
AGTTTA,717664.1104294478,1,,1.956,
ATAAATAG,1250549.608355091,1,,1.532,
ATAACGTA,1069785.180149558,1,,1.471,
ATACAAG,728617.469879518,1,,1.328,
ATACCGG,871900.4905395935,1,,1.427,
ATAGGT,754970.1417004048,1,,1.976,
ATATGGCC,741513.1291028446,1,,1.828,
ATCCACCA,967562.5,1,,1.712,
ATCCGCTG,1239257.68321513,1,,1.692,
ATCCGGG,647809.1922005571,1,,1.436,
ATCGCCAC,649943.9775910365,1,,1.428,
ATCTCCCG,1270171.836228288,1,,1.612,
ATCTGC,1111805.090909091,1,,1.375,
ATGCACG,1185542.305129913,1,,1.501,
ATGCAGCA,873873.3468972533,1,,1.966,
ATGCGAAC,1309864.509051015,1,,1.823,
ATGCGC,533486.94725626,1,,1.877,
ATGTAC,693078.1725888324,1,,1.97,
ATTAGCCG,1084158.873805932,1,,1.989,
ATTGACAA,1142007.67964893,1,,1.823,
ATTGGG,650813.0892956185,1,,1.803,
ATTTCCT,1100785.435630689,1,,1.538,
ATTTCT,1307200.119118523,1,,1.679,
CAAAGAGC,909750.2890173411,1,,1.73,
CAAATAAA,1135312.563323202,1,,1.974,
CAACAA,441283.70554177,1,,1.209,
CAACAACC,551515.93323217,1,,1.318,
CAACAT,284683.0835117773,1,,1.868,
CAACCCA,768733.0067360686,1,,1.633,
CAACTAAA,1120551.748251748,1,,1.43,
CAACTTCG,981481.0289389068,1,,1.555,
CAAGACC,770321.0332103322,1,,1.355,
CAAGCA,959662.2107969151,1,,1.945,
CAAGTGC,846963.2034632034,1,,1.848,
CAATCGCC,723982.2812846069,1,,1.806,
CAATCGGC,872654.802259887,1,,1.77,
CACACTGG,824548.0263157894,1,,1.52,
CACAGAG,786779.2302106027,1,,1.377,
CACAGGG,473661.7283950617,1,,1.215,
CACAGTG,832468.1952662722,1,,1.352,
CACATACA,1195219.214437367,1,,1.884,
CACCCCAA,937908.1632653062,1,,1.47,
CACCTACT,735723.7026647966,1,,1.426,
CACGCCCT,703629.179331307,1,,1.974,
CACGCCG,261320.0723327305,1,,1.659,
CACGTGGC,788059.8240469208,1,,1.705,
CACGTT,737811.9959677419,1,,1.984,
CACTCACA,871477.5485436894,1,,1.648,
CACTGA,1319301.572617946,1,,1.081,
CACTTCAC,1098680.701754386,1,,1.995,
CAGAAAT,729843.2392273402,1,,1.346,
CAGAACCC,1187539.136302294,1,,1.482,
CAGCCATC,1143701.23589468,1,,1.861,
CAGCCC,549282.3790994998,1,,1.799,
CAGGAAGG,1181868.843683084,1,,1.868,
CAGGAC,1070929.648241206,1,,1.393,
CAGTCCG,1044550.745209368,1,,1.409,
CATCCGAA,827956.8541780448,1,,1.831,
CATCGC,556012.486992716,1,,1.922,
CATGTGGC,945250.2596053998,1,,1.926,
CCAACACG,225232.2946175637,1,,1.412,
CCAACCC,803529.3691080493,1,,1.379,
CCAAGTGG,801273.0356133409,1,,1.769,
CCACAAC,925825.1445086705,1,,1.384,
CCACAG,721324.4882486733,1,,1.319,
CCACCG,983585.3293413173,1,,1.336,
CCACCGTG,693685.64787914,1,,1.721,
CCACGA,1171773.497688752,1,,1.298,
CCACGAA,1226623.442,1,,1.233,
CCAGAAGA,653220.5882352941,1,,1.428,
CCAGAC,665069.0376569038,1,,1.912,
CCAGGGG,773351.2084592144,1,,1.324,
CCAGTTC,1053578.152237071,1,,1.721,
CCATCACC,747583.0280830282,1,,1.638,
CCATCACG,1104843.060959792,1,,1.542,
CCATCGC,1058232.82967033,1,,1.456,
CCCAAG,985012.599469496,1,,1.508,
CCCAATCT,1356279.402985075,1,,1.675,
CCCATGC,1023924.623115578,1,,1.393,
CCCCAAGC,1307624.787775891,1,,1.767,
CCCCCA,1218244.490358127,1,,1.452,
CCCCCGTT,981586.3409217102,1,,1.801,
CCCCGCGT,760743.5294117647,1,,1.7,
CCCCGTGC,864809.1773922776,1,,1.787,
CCCGAG,945461.1683848797,1,,1.455,
CCCGCC,1101573.099415204,1,,1.368,
CCCGCTG,1356106.796116505,1,,1.648,
CCCGTA,1161702.816901409,1,,1.42,
CCCTCA,1038974.376731302,1,,1.444,
CCCTGC,835500.2539360081,1,,1.969,
CCCTTCG,383811.575562701,1,,1.555,
CCCTTT,1130352.554744525,1,,1.37,
CCGAAA,1456471.38769671,1,,1.398,
CCGAGA,994338.5269121814,1,,1.412,
CCGATCCA,920194.2297784647,1,,1.941,
CCGATGC,637140.3614457832,1,,1.66,
CCGCCACA,906783.8150289018,1,,1.73,
CCGCCAGT,1105614.29322123,1,,1.903,
CCGCCATG,1254974.9498998,1,,1.996,
CCGCCCAG,1282708.705357143,1,,1.792,
CCGCTGAC,708463.7893196781,1,,1.367,
CCGTAAAA,904247.564469914,1,,1.745,
CCGTAGCA,1123318.257956449,1,,1.791,
CCGTGA,821835.736354274,1,,1.942,
CCTAGCCG,1091908.789386401,1,,1.809,
CCTAGCG,998579.3357933579,1,,1.355,
CCTCAA,811668.1415929203,1,,1.808,
CCTCCG,1115624.170965365,1,,1.357,
CCTCGATA,293105.8951965065,1,,1.832,
CCTCTT,727962.9242819843,1,,1.915,
CCTGAG,795711.7706237425,1,,1.988,
CCTGGT,756401.2066365007,1,,1.989,
CCTTCTC,570996.2779156327,1,,1.612,
CGAAATG,1096584.733893557,1,,1.428,
CGAAGCC,1320625.0,1,,1.64,
CGAAGGCG,1219078.913324709,1,,1.546,
CGACAAAC,1048711.549295775,1,,1.775,
CGACATCC,680502.0661157025,1,,1.452,
CGACGTTT,1145909.426013691,1,,1.899,
CGAGTA,1178831.957989497,1,,1.333,
CGATCCAG,1153213.736263736,1,,1.82,
CGATTATG,634432.6824254883,1,,1.946,
CGCAAACG,861948.2378854625,1,,1.816,
CGCAATA,222846.4384828862,1,,1.081,
CGCACAC,794483.4054834056,1,,1.386,
CGCACGCA,894304.0901007706,1,,1.687,
CGCCCC,803603.1664964249,1,,1.958,
CGCCCTCG,609797.147385103,1,,1.893,
CGCCGAGG,535611.2376613516,1,,1.317,
CGCCTGCA,1021122.902003249,1,,1.847,
CGCCTTG,1300933.471933472,1,,1.443,
CGCGATC,665504.2180402336,1,,1.541,
CGCGCT,123200.332963374,1,,1.802,
CGCTAGC,1188725.863284003,1,,1.419,
CGCTAGG,275111.8957088539,1,,1.841,
CGGAATCA,884827.1745309836,1,,1.759,
CGGACT,932947.4885844749,1,,1.314,
CGGAGCAA,1010247.678018576,1,,1.615,
CGGCACG,771294.8948948949,1,,1.665,
CGGCGC,349803.0303030303,1,,1.65,
CGGTACG,1001887.940841866,1,,1.758,
CGGTGTA,1074544.269045985,1,,1.457,
CGTAGCGC,1237432.854465959,1,,1.601,
CGTAGCT,818507.7951002227,1,,1.347,
CGTATCCA,1415455.958549223,1,,1.544,
CGTGGCAC,933504.6632124353,1,,1.93,
CGTTCA,1071253.74251497,1,,1.336,
CGTTCT,654564.6970830217,1,,1.337,
CTAACA,924861.2099644127,1,,1.967,
CTAAGTG,1160180.16194332,1,,1.482,
CTACAG,865198.7921489682,1,,1.987,
CTACCCCT,1143202.217529039,1,,1.894,
CTACCT,1593000.692041522,1,,1.445,
CTAGACA,892831.6151202748,1,,1.455,
CTAGCAAG,1165533.117932149,1,,1.857,
CTAGCCGT,1181610.49382716,1,,1.62,
CTAGGT,746099.6963562754,1,,1.976,
CTAGTCGC,932775.2873563218,1,,1.74,
CTATCG,483108.7645195354,1,,1.894,
CTATGC,912968.75,1,,1.856,
CTATGT,907462.888665998,1,,1.994,
CTATTA,1165732.857142857,1,,1.4,
CTCCGATA,754942.6751592356,1,,1.727,
CTCCGCAC,1042643.506493506,1,,1.54,
CTCGCA,209506.4281721632,1,,1.789,
CTCTTCC,1092109.182530795,1,,1.786,
CTGAATGC,804548.469387755,1,,1.568,
CTGAGA,1430531.767955801,1,,1.448,
CTGATACC,640422.2222222222,1,,1.755,
CTGATAG,1013195.258019526,1,,1.434,
CTGATCG,680947.4091260635,1,,1.293,
CTGTAA,917458.1589958159,1,,1.434,
CTGTAC,463005.4024851432,1,,1.851,
CTGTATT,1330601.516919487,1,,1.714,
CTGTGA,411740.47829938,1,,1.129,
CTGTTG,755506.7406819984,1,,1.261,
CTTAGCC,782468.9092762488,1,,1.962,
CTTCGC,400430.0736067298,1,,1.902,
CTTCTAC,1572010.709504685,1,,1.494,
CTTGATA,1075088.13559322,1,,1.77,
CTTGTATA,1171582.224587547,1,,1.879,
CTTGTC,1174965.701219512,1,,1.312,
CTTTAGC,819997.1862689927,1,,1.777,
CTTTCA,1034264.188849824,1,,1.991,
GAAAAA,1314073.221757322,1,,1.434,
GAAAAT,992277.1595124536,1,,1.887,
GAAGAAAA,1132511.415525114,1,,1.752,
GACAAAG,1107918.704560476,1,,1.513,
GACACC,704649.4370522007,1,,1.954,
GACACGCC,808658.2411795682,1,,1.899,
GACGCT,822389.8916967509,1,,1.108,
GACTTC,1136327.659574468,1,,1.41,
GAGTTA,1066683.730715288,1,,1.426,
GATCAACC,1127787.514318442,1,,1.746,
GATGTC,1255681.334279631,1,,1.409,
GATTAA,1178950.660180681,1,,1.439,
GCAACC,664828.7781350482,1,,1.244,
GCACGGCA,899719.5685670262,1,,1.947,
GCACTA,875550.3597122303,1,,1.39,
GCACTT,993730.8641975308,1,,1.215,
GCAGAGAT,929949.1066594478,1,,1.847,
GCAGATAC,699338.0703066568,1,,1.337,
GCAGTC,867361.167002012,1,,1.988,
GCATCC,435224.3285939968,1,,1.899,
GCCAATC,1328554.12371134,1,,1.94,
GCCACA,860455.0345887779,1,,1.301,
GCCAGAAG,1079961.38482024,1,,1.502,
GCCAGGT,193739.8753894081,1,,1.284,
GCCATATG,1142085.128744088,1,,1.903,
GCCATG,1079610.325318246,1,,1.414,
GCCGAGG,892444.6529080676,1,,1.599,
GCCGGG,951369.6437790397,1,,1.937,
GCCTACC,987261.6507580011,1,,1.781,
GCCTCA,1189370.865587614,1,,1.421,
GCCTGGG,1038281.531531531,1,,1.776,
GCGAAGGC,939786.6161616162,1,,1.584,
GCGAGG,819280.1906779661,1,,1.888,
GCGCACG,716953.7037037037,1,,1.188,
GCGCAG,651040.306122449,1,,1.96,
GCGCCGCC,837632.5492689129,1,,1.573,
GCGCGA,878090.1722391085,1,,1.974,
GCGGCT,887444.7004608294,1,,1.302,
GCGGGTG,771129.491017964,1,,1.336,
GCTATGC,743727.0942408377,1,,1.528,
GCTATTC,1344699.267782427,1,,1.912,
GCTCCATT,993201.4302741359,1,,1.678,
GCTGGA,1114132.892804699,1,,1.362,
GGACCAAC,482937.1859296483,1,,1.194,
GGACCAC,799793.0135557873,1,,1.918,
GGAGAGCG,954124.4239631336,1,,1.736,
GGCAATT,1129676.899063476,1,,1.922,
GGCATCC,999018.1708055724,1,,1.651,
GGCCGCG,1014848.123883264,1,,1.679,
GGCTCC,1059863.888888889,1,,1.44,
GGCTGC,653025.888324873,1,,1.97,
GGGCTAG,1030000.0,1,,1.423,
GGGGCCAC,794130.7113938692,1,,1.729,
GGTTATGA,731470.9531866893,1,,1.773,
GTAACA,918947.9245283019,1,,1.325,
GTATACG,973196.1325966851,1,,1.448,
GTATTGG,745986.3091842557,1,,1.753,
GTCACG,981748.7855655794,1,,1.441,
GTCCCG,989414.4084600133,1,,1.513,
GTCCCTCA,1144841.786108048,1,,1.814,
GTCGGACC,749893.8172043011,1,,1.488,
GTCGTA,776263.5243706481,1,,1.867,
GTCTTGG,1050692.950391645,1,,1.915,
GTGCACC,866546.7318265119,1,,1.637,
GTTACC,933180.0610376399,1,,1.966,
GTTCTTG,845688.9518413598,1,,1.765,
TAAGCT,1319113.15417256,1,,1.414,
TAATACG,646634.8854397635,1,,1.353,
TAATTAGC,1134221.848739496,1,,1.785,
TACAGAG,931296.7180174146,1,,1.493,
TACAGT,911088.0121396055,1,,1.977,
TACATACC,896366.9676048858,1,,1.883,
TACCAA,760212.3532414497,1,,1.959,
TACCAAGC,1137519.955030916,1,,1.779,
TACCAGC,853749.4894486044,1,,1.469,
TACGCCGA,1194515.853658537,1,,1.64,
TACGGCC,1300648.066298343,1,,1.81,
TACTCT,1214882.909090909,1,,1.375,
TAGATAAC,1364404.377880184,1,,1.736,
TAGATGCC,841870.0964630225,1,,1.555,
TATACC,285638.731596829,1,,1.766,
TATAGAAC,1213862.798264642,1,,1.844,
TATCCCA,1159006.292606188,1,,1.907,
TATCCGCT,732811.8131868133,1,,1.456,
TATCCT,520497.1634863332,1,,1.939,
TATGCTGC,868792.4421883813,1,,1.773,
TATTCACC,1083674.380165289,1,,1.815,
TATTCTG,727294.8073701843,1,,1.791,
TATTGG,1135175.451263538,1,,1.385,
TCAACTGG,778582.8908554572,1,,1.695,
TCACCC,703195.6956956957,1,,1.998,
TCACTC,114505.4347826087,1,,1.84,
TCAGCCCG,450901.0175763182,1,,1.081,
TCAGCCG,919068.6930091185,1,,1.645,
TCATTAAC,781183.7052413077,1,,1.927,
TCCACCC,835825.9430840503,1,,1.511,
TCCACTT,947884.6836191602,1,,1.691,
TCCAGGTG,817224.7386759582,1,,1.722,
TCCCAG,767848.0620155039,1,,1.935,
TCCCAGAC,1093899.661781285,1,,1.774,
TCCCTG,802022.7272727273,1,,1.98,
TCCGGAGT,1105665.051157781,1,,1.857,
TCCGGT,794741.9522326065,1,,1.926,
TCCTCAAC,1534929.032258064,1,,1.395,
TCGACAAC,781883.7837837838,1,,1.48,
TCGGGC,436690.3669724771,1,,1.308,
TCGGTCA,781543.4782608695,1,,1.518,
TCGTCCCA,925750.4114097642,1,,1.823,
TCGTTT,1189745.182012848,1,,1.401,
TCTATGA,795546.5961665566,1,,1.513,
TCTATTCG,949844.7204968944,1,,1.771,
TCTCAT,575657.9634464752,1,,1.915,
TCTCCCCG,1011353.06443164,1,,1.909,
TCTCCG,867205.6594239514,1,,1.979,
TGAAAA,702795.5911823647,1,,1.996,
TGAAAAAT,1125298.633017876,1,,1.902,
TGAACC,662473.9978331528,1,,1.846,
TGAACT,1001391.994478951,1,,1.449,
TGACTGAT,407558.5429314831,1,,1.153,
TGACTGCC,1412977.135980746,1,,1.662,
TGAGAC,1103551.939058172,1,,1.444,
TGATGCAA,939623.5679214402,1,,1.833,
TGCATAAC,931129.8482293424,1,,1.779,
TGGACT,263471.8800214247,1,,1.867,
TGGCAGCA,1280068.965517241,1,,1.653,
TGTCCCCA,1143619.594964423,1,,1.827,
TGTGAA,899446.4464464465,1,,1.998,
TGTGAC,841156.735102654,1,,1.997,
TTAACCG,603931.2612074118,1,,1.673,
TTAATC,1176718.021201413,1,,1.415,
TTACCGCG,1204256.519102486,1,,1.649,
TTAGGC,212022.0385674931,1,,1.089,
TTCAAACT,1282274.061990212,1,,1.839,
TTCCGGAC,735252.625437573,1,,1.714,
TTCCTC,867178.5714285715,1,,1.988,
TTCCTTG,1031886.83127572,1,,1.458,
TTCGCGCC,1226990.024937656,1,,1.604,
TTCGTACA,990758.4699453552,1,,1.83,
TTCTAA,1115173.935091278,1,,1.972,
TTGATC,1202426.080892608,1,,1.434,
TTGCAC,993078.5868781543,1,,1.387,
TTGCCA,1198536.879076769,1,,1.993,
TTGCCTAG,1203616.290983607,1,,1.952,
TTGCTA,1180310.344827586,1,,1.363,
TTTCCG,1222822.068168689,1,,1.731,
TTTCTCC,804521.3864306784,1,,1.356,
