features,criterion,rank,spacer,length,predicted_1e6,sigma,fl/od,,,,
vienna 12,max_mu,1,CACTCTA,7,1.320193172,,871462,,,,
vienna 12,max_mu,2,CACTTAT,7,1.320193172,,,,,,
vienna 12,max_mu,3,CCATATT,7,1.317804337,,,,,,
vienna 12,max_mu,4,CACTATT,7,1.316467881,,,,,,
vienna 12,max_mu,5,TCCAATT,7,1.309990525,,,,,,
vienna 12,max_sigma,1,TCTACC,6,0.514239252,0.49811253,746801,,,,
vienna 12,max_sigma,2,TCTCCA,6,0.53990382,0.442310274,,,,,
vienna 12,max_sigma,3,TACCCT,6,0.536432803,0.436108053,,,,,
vienna 12,max_sigma,4,ATCCCT,6,0.536432803,0.436108053,,,,,
vienna 12,max_sigma,5,TTCCCA,6,0.545880079,0.43477577,,,,,
kmer 91,max_mu,1,AAAAAAAT,8,1.142919779,,,,,,
kmer 91,max_mu,2,TAAAAAAA,8,1.142919779,,,,,,
kmer 91,max_mu,3,AAAAAATT,8,1.128062725,,,,,,
kmer 91,max_mu,4,TTAAAAAA,8,1.128062725,,,,,,
kmer 91,max_mu,5,TAAAAAAT,8,1.128062725,,,,,,
kmer 91,max_sigma,1,ACAACAC,7,0.855816126,0.148920342,,,,,
kmer 91,max_sigma,2,ACACAAC,7,0.855816126,0.148920342,,,,,
kmer 91,max_sigma,3,AACACAC,7,0.855816126,0.148920342,,,,,
kmer 91,max_sigma,4,CACACAC,7,0.808555961,0.127381057,,,,,
kmer 91,max_sigma,5,ACACCAA,7,0.902935505,0.12646234,,,,,
,,,,,,,,,,,
